kotlin version: 2.0.21
error message: org.jetbrains.kotlin.backend.common.BackendException: Backend Internal error: Exception during IR lowering
File being compiled: C:/Users/ShunKwok/Downloads/Zonenews/app/src/main/java/com/searcher/zonenews/widget/glance/CompactNewsGlanceWidget.kt
The root cause java.lang.RuntimeException was thrown at: org.jetbrains.kotlin.backend.jvm.codegen.FunctionCodegen.generate(FunctionCodegen.kt:47)
	at org.jetbrains.kotlin.backend.common.CodegenUtil.reportBackendException(CodegenUtil.kt:253)
	at org.jetbrains.kotlin.backend.common.CodegenUtil.reportBackendException$default(CodegenUtil.kt:236)
	at org.jetbrains.kotlin.backend.common.phaser.PerformByIrFilePhase.invokeSequential(performByIrFile.kt:65)
	at org.jetbrains.kotlin.backend.common.phaser.PerformByIrFilePhase.invoke(performByIrFile.kt:52)
	at org.jetbrains.kotlin.backend.common.phaser.PerformByIrFilePhase.invoke(performByIrFile.kt:38)
	at org.jetbrains.kotlin.backend.common.phaser.NamedCompilerPhase.phaseBody(CompilerPhase.kt:166)
	at org.jetbrains.kotlin.backend.common.phaser.AbstractNamedCompilerPhase.invoke(CompilerPhase.kt:113)
	at org.jetbrains.kotlin.backend.common.phaser.CompositePhase.invoke(PhaseBuilders.kt:27)
	at org.jetbrains.kotlin.backend.common.phaser.CompositePhase.invoke(PhaseBuilders.kt:14)
	at org.jetbrains.kotlin.backend.common.phaser.NamedCompilerPhase.phaseBody(CompilerPhase.kt:166)
	at org.jetbrains.kotlin.backend.common.phaser.AbstractNamedCompilerPhase.invoke(CompilerPhase.kt:113)
	at org.jetbrains.kotlin.backend.common.phaser.CompilerPhaseKt.invokeToplevel(CompilerPhase.kt:62)
	at org.jetbrains.kotlin.backend.jvm.JvmIrCodegenFactory.invokeCodegen(JvmIrCodegenFactory.kt:371)
	at org.jetbrains.kotlin.codegen.CodegenFactory.generateModule(CodegenFactory.kt:47)
	at org.jetbrains.kotlin.backend.jvm.JvmIrCodegenFactory.generateModuleInFrontendIRMode(JvmIrCodegenFactory.kt:433)
	at org.jetbrains.kotlin.cli.jvm.compiler.pipeline.JvmCompilerPipelineKt.generateCodeFromIr(jvmCompilerPipeline.kt:246)
	at org.jetbrains.kotlin.cli.jvm.compiler.pipeline.JvmCompilerPipelineKt.compileModulesUsingFrontendIrAndLightTree(jvmCompilerPipeline.kt:142)
	at org.jetbrains.kotlin.cli.jvm.K2JVMCompiler.doExecute(K2JVMCompiler.kt:148)
	at org.jetbrains.kotlin.cli.jvm.K2JVMCompiler.doExecute(K2JVMCompiler.kt:43)
	at org.jetbrains.kotlin.cli.common.CLICompiler.execImpl(CLICompiler.kt:103)
	at org.jetbrains.kotlin.cli.common.CLICompiler.execImpl(CLICompiler.kt:49)
	at org.jetbrains.kotlin.cli.common.CLITool.exec(CLITool.kt:101)
	at org.jetbrains.kotlin.incremental.IncrementalJvmCompilerRunner.runCompiler(IncrementalJvmCompilerRunner.kt:464)
	at org.jetbrains.kotlin.incremental.IncrementalJvmCompilerRunner.runCompiler(IncrementalJvmCompilerRunner.kt:73)
	at org.jetbrains.kotlin.incremental.IncrementalCompilerRunner.doCompile(IncrementalCompilerRunner.kt:506)
	at org.jetbrains.kotlin.incremental.IncrementalCompilerRunner.compileImpl(IncrementalCompilerRunner.kt:423)
	at org.jetbrains.kotlin.incremental.IncrementalCompilerRunner.compileNonIncrementally(IncrementalCompilerRunner.kt:301)
	at org.jetbrains.kotlin.incremental.IncrementalCompilerRunner.compile(IncrementalCompilerRunner.kt:129)
	at org.jetbrains.kotlin.daemon.CompileServiceImplBase.execIncrementalCompiler(CompileServiceImpl.kt:675)
	at org.jetbrains.kotlin.daemon.CompileServiceImplBase.access$execIncrementalCompiler(CompileServiceImpl.kt:92)
	at org.jetbrains.kotlin.daemon.CompileServiceImpl.compile(CompileServiceImpl.kt:1660)
	at java.base/jdk.internal.reflect.DirectMethodHandleAccessor.invoke(Unknown Source)
	at java.base/java.lang.reflect.Method.invoke(Unknown Source)
	at java.rmi/sun.rmi.server.UnicastServerRef.dispatch(Unknown Source)
	at java.rmi/sun.rmi.transport.Transport$1.run(Unknown Source)
	at java.rmi/sun.rmi.transport.Transport$1.run(Unknown Source)
	at java.base/java.security.AccessController.doPrivileged(Unknown Source)
	at java.rmi/sun.rmi.transport.Transport.serviceCall(Unknown Source)
	at java.rmi/sun.rmi.transport.tcp.TCPTransport.handleMessages(Unknown Source)
	at java.rmi/sun.rmi.transport.tcp.TCPTransport$ConnectionHandler.run0(Unknown Source)
	at java.rmi/sun.rmi.transport.tcp.TCPTransport$ConnectionHandler.lambda$run$0(Unknown Source)
	at java.base/java.security.AccessController.doPrivileged(Unknown Source)
	at java.rmi/sun.rmi.transport.tcp.TCPTransport$ConnectionHandler.run(Unknown Source)
	at java.base/java.util.concurrent.ThreadPoolExecutor.runWorker(Unknown Source)
	at java.base/java.util.concurrent.ThreadPoolExecutor$Worker.run(Unknown Source)
	at java.base/java.lang.Thread.run(Unknown Source)
Caused by: java.lang.RuntimeException: Exception while generating code for:
FUN name:CompactWidgetContent visibility:public modality:FINAL <> (context:android.content.Context) returnType:kotlin.Unit
  annotations:
    Composable
  VALUE_PARAMETER name:context index:0 type:android.content.Context
  BLOCK_BODY
    VAR name:glanceId type:androidx.glance.GlanceId [val]
      CALL 'public final fun <get-current> (): T of androidx.compose.runtime.CompositionLocal [inline] declared in androidx.compose.runtime.CompositionLocal' type=androidx.glance.GlanceId origin=GET_PROPERTY
        $this: TYPE_OP type=androidx.compose.runtime.CompositionLocal<T of androidx.compose.runtime.CompositionLocal> origin=IMPLICIT_CAST typeOperand=androidx.compose.runtime.CompositionLocal<T of androidx.compose.runtime.CompositionLocal>
          CALL 'public final fun <get-LocalGlanceId> (): androidx.compose.runtime.ProvidableCompositionLocal<androidx.glance.GlanceId> declared in androidx.glance.CompositionLocalsKt' type=androidx.compose.runtime.ProvidableCompositionLocal<androidx.glance.GlanceId> origin=GET_PROPERTY
    VAR name:appWidgetId type:kotlin.Int [val]
      TRY type=kotlin.Int
        try: BLOCK type=kotlin.Int origin=null
          CALL 'public final fun getAppWidgetId (glanceId: androidx.glance.GlanceId): kotlin.Int declared in androidx.glance.appwidget.GlanceAppWidgetManager' type=kotlin.Int origin=null
            $this: CONSTRUCTOR_CALL 'public constructor <init> (context: android.content.Context) [primary] declared in androidx.glance.appwidget.GlanceAppWidgetManager' type=androidx.glance.appwidget.GlanceAppWidgetManager origin=null
              context: GET_VAR 'context: android.content.Context declared in com.searcher.zonenews.widget.glance.CompactNewsGlanceWidgetKt.CompactWidgetContent' type=android.content.Context origin=null
            glanceId: GET_VAR 'val glanceId: androidx.glance.GlanceId [val] declared in com.searcher.zonenews.widget.glance.CompactNewsGlanceWidgetKt.CompactWidgetContent' type=androidx.glance.GlanceId origin=null
        CATCH parameter=val e: java.lang.Exception [val] declared in com.searcher.zonenews.widget.glance.CompactNewsGlanceWidgetKt.CompactWidgetContent
          VAR CATCH_PARAMETER name:e type:java.lang.Exception [val]
          BLOCK type=kotlin.Int origin=null
            CONST Int type=kotlin.Int value=-1
    VAR PROPERTY_DELEGATE name:article$delegate type:androidx.compose.runtime.MutableState<com.searcher.zonenews.entry.HomeDataListEntry.DataDTO.ArticlesDTO?> [val]
      CALL 'public final fun remember <T> (calculation: @[DisallowComposableCalls] kotlin.Function0<T of androidx.compose.runtime.ComposablesKt.remember>): T of androidx.compose.runtime.ComposablesKt.remember [inline] declared in androidx.compose.runtime.ComposablesKt' type=androidx.compose.runtime.MutableState<com.searcher.zonenews.entry.HomeDataListEntry.DataDTO.ArticlesDTO?> origin=null
        <T>: androidx.compose.runtime.MutableState<com.searcher.zonenews.entry.HomeDataListEntry.DataDTO.ArticlesDTO?>
        calculation: BLOCK type=kotlin.Function0<androidx.compose.runtime.MutableState<com.searcher.zonenews.entry.HomeDataListEntry.DataDTO.ArticlesDTO?>> origin=LAMBDA
          COMPOSITE type=kotlin.Unit origin=null
          FUNCTION_REFERENCE 'private final fun CompactWidgetContent$lambda$0 (): androidx.compose.runtime.MutableState<com.searcher.zonenews.entry.HomeDataListEntry.DataDTO.ArticlesDTO?> declared in com.searcher.zonenews.widget.glance.CompactNewsGlanceWidgetKt' type=kotlin.Function0<androidx.compose.runtime.MutableState<com.searcher.zonenews.entry.HomeDataListEntry.DataDTO.ArticlesDTO?>> origin=INLINE_LAMBDA reflectionTarget=null
    VAR PROPERTY_DELEGATE name:pageStatus$delegate type:androidx.compose.runtime.MutableState<kotlin.Pair<kotlin.Int, kotlin.Int>?> [val]
      CALL 'public final fun remember <T> (calculation: @[DisallowComposableCalls] kotlin.Function0<T of androidx.compose.runtime.ComposablesKt.remember>): T of androidx.compose.runtime.ComposablesKt.remember [inline] declared in androidx.compose.runtime.ComposablesKt' type=androidx.compose.runtime.MutableState<kotlin.Pair<kotlin.Int, kotlin.Int>?> origin=null
        <T>: androidx.compose.runtime.MutableState<kotlin.Pair<kotlin.Int, kotlin.Int>?>
        calculation: BLOCK type=kotlin.Function0<androidx.compose.runtime.MutableState<kotlin.Pair<kotlin.Int, kotlin.Int>?>> origin=LAMBDA
          COMPOSITE type=kotlin.Unit origin=null
          FUNCTION_REFERENCE 'private final fun CompactWidgetContent$lambda$3 (): androidx.compose.runtime.MutableState<kotlin.Pair<kotlin.Int, kotlin.Int>?> declared in com.searcher.zonenews.widget.glance.CompactNewsGlanceWidgetKt' type=kotlin.Function0<androidx.compose.runtime.MutableState<kotlin.Pair<kotlin.Int, kotlin.Int>?>> origin=INLINE_LAMBDA reflectionTarget=null
    VAR PROPERTY_DELEGATE name:bitmap$delegate type:androidx.compose.runtime.MutableState<android.graphics.Bitmap?> [val]
      CALL 'public final fun remember <T> (calculation: @[DisallowComposableCalls] kotlin.Function0<T of androidx.compose.runtime.ComposablesKt.remember>): T of androidx.compose.runtime.ComposablesKt.remember [inline] declared in androidx.compose.runtime.ComposablesKt' type=androidx.compose.runtime.MutableState<android.graphics.Bitmap?> origin=null
        <T>: androidx.compose.runtime.MutableState<android.graphics.Bitmap?>
        calculation: BLOCK type=kotlin.Function0<androidx.compose.runtime.MutableState<android.graphics.Bitmap?>> origin=LAMBDA
          COMPOSITE type=kotlin.Unit origin=null
          FUNCTION_REFERENCE 'private final fun CompactWidgetContent$lambda$6 (): androidx.compose.runtime.MutableState<android.graphics.Bitmap?> declared in com.searcher.zonenews.widget.glance.CompactNewsGlanceWidgetKt' type=kotlin.Function0<androidx.compose.runtime.MutableState<android.graphics.Bitmap?>> origin=INLINE_LAMBDA reflectionTarget=null
    VAR PROPERTY_DELEGATE name:isLoading$delegate type:androidx.compose.runtime.MutableState<kotlin.Boolean> [val]
      CALL 'public final fun remember <T> (calculation: @[DisallowComposableCalls] kotlin.Function0<T of androidx.compose.runtime.ComposablesKt.remember>): T of androidx.compose.runtime.ComposablesKt.remember [inline] declared in androidx.compose.runtime.ComposablesKt' type=androidx.compose.runtime.MutableState<kotlin.Boolean> origin=null
        <T>: androidx.compose.runtime.MutableState<kotlin.Boolean>
        calculation: BLOCK type=kotlin.Function0<androidx.compose.runtime.MutableState<kotlin.Boolean>> origin=LAMBDA
          COMPOSITE type=kotlin.Unit origin=null
          FUNCTION_REFERENCE 'private final fun CompactWidgetContent$lambda$9 (): androidx.compose.runtime.MutableState<kotlin.Boolean> declared in com.searcher.zonenews.widget.glance.CompactNewsGlanceWidgetKt' type=kotlin.Function0<androidx.compose.runtime.MutableState<kotlin.Boolean>> origin=INLINE_LAMBDA reflectionTarget=null
    VAR PROPERTY_DELEGATE name:isError$delegate type:androidx.compose.runtime.MutableState<kotlin.Boolean> [val]
      CALL 'public final fun remember <T> (calculation: @[DisallowComposableCalls] kotlin.Function0<T of androidx.compose.runtime.ComposablesKt.remember>): T of androidx.compose.runtime.ComposablesKt.remember [inline] declared in androidx.compose.runtime.ComposablesKt' type=androidx.compose.runtime.MutableState<kotlin.Boolean> origin=null
        <T>: androidx.compose.runtime.MutableState<kotlin.Boolean>
        calculation: BLOCK type=kotlin.Function0<androidx.compose.runtime.MutableState<kotlin.Boolean>> origin=LAMBDA
          COMPOSITE type=kotlin.Unit origin=null
          FUNCTION_REFERENCE 'private final fun CompactWidgetContent$lambda$12 (): androidx.compose.runtime.MutableState<kotlin.Boolean> declared in com.searcher.zonenews.widget.glance.CompactNewsGlanceWidgetKt' type=kotlin.Function0<androidx.compose.runtime.MutableState<kotlin.Boolean>> origin=INLINE_LAMBDA reflectionTarget=null
    CALL 'public final fun LaunchedEffect (key1: kotlin.Any?, block: @[ExtensionFunctionType] kotlin.coroutines.SuspendFunction1<kotlinx.coroutines.CoroutineScope, kotlin.Unit>): kotlin.Unit declared in androidx.compose.runtime.EffectsKt' type=kotlin.Unit origin=null
      key1: GET_VAR 'val glanceId: androidx.glance.GlanceId [val] declared in com.searcher.zonenews.widget.glance.CompactNewsGlanceWidgetKt.CompactWidgetContent' type=androidx.glance.GlanceId origin=null
      block: BLOCK type=com.searcher.zonenews.widget.glance.CompactNewsGlanceWidgetKt.CompactWidgetContent.<no name provided> origin=null
        CLASS SUSPEND_LAMBDA CLASS name:<no name provided> modality:FINAL visibility:public/*package*/ superTypes:[kotlin.coroutines.jvm.internal.SuspendLambda; kotlin.jvm.functions.Function2<kotlinx.coroutines.CoroutineScope, kotlin.coroutines.Continuation<kotlin.Unit>?, kotlin.Any?>]
          $this: VALUE_PARAMETER INSTANCE_RECEIVER name:<this> type:com.searcher.zonenews.widget.glance.CompactNewsGlanceWidgetKt.CompactWidgetContent.<no name provided>
          FIELD name:label type:kotlin.Int visibility:public/*package*/
          CONSTRUCTOR SUSPEND_LAMBDA visibility:public/*package*/ <> ($appWidgetId:kotlin.Int, $context:android.content.Context, $article$delegate:androidx.compose.runtime.MutableState<com.searcher.zonenews.entry.HomeDataListEntry.DataDTO.ArticlesDTO?>, $pageStatus$delegate:androidx.compose.runtime.MutableState<kotlin.Pair<kotlin.Int, kotlin.Int>?>, $bitmap$delegate:androidx.compose.runtime.MutableState<android.graphics.Bitmap?>, $isLoading$delegate:androidx.compose.runtime.MutableState<kotlin.Boolean>, $isError$delegate:androidx.compose.runtime.MutableState<kotlin.Boolean>, $completion:kotlin.coroutines.Continuation<com.searcher.zonenews.widget.glance.CompactNewsGlanceWidgetKt.CompactWidgetContent.<no name provided>>?) returnType:com.searcher.zonenews.widget.glance.CompactNewsGlanceWidgetKt.CompactWidgetContent.<no name provided> [primary]
            VALUE_PARAMETER BOUND_VALUE_PARAMETER name:$appWidgetId index:0 type:kotlin.Int
            VALUE_PARAMETER BOUND_VALUE_PARAMETER name:$context index:1 type:android.content.Context
            VALUE_PARAMETER BOUND_VALUE_PARAMETER name:$article$delegate index:2 type:androidx.compose.runtime.MutableState<com.searcher.zonenews.entry.HomeDataListEntry.DataDTO.ArticlesDTO?>
            VALUE_PARAMETER BOUND_VALUE_PARAMETER name:$pageStatus$delegate index:3 type:androidx.compose.runtime.MutableState<kotlin.Pair<kotlin.Int, kotlin.Int>?>
            VALUE_PARAMETER BOUND_VALUE_PARAMETER name:$bitmap$delegate index:4 type:androidx.compose.runtime.MutableState<android.graphics.Bitmap?>
            VALUE_PARAMETER BOUND_VALUE_PARAMETER name:$isLoading$delegate index:5 type:androidx.compose.runtime.MutableState<kotlin.Boolean>
            VALUE_PARAMETER BOUND_VALUE_PARAMETER name:$isError$delegate index:6 type:androidx.compose.runtime.MutableState<kotlin.Boolean>
            VALUE_PARAMETER name:$completion index:7 type:kotlin.coroutines.Continuation<com.searcher.zonenews.widget.glance.CompactNewsGlanceWidgetKt.CompactWidgetContent.<no name provided>>?
            BLOCK_BODY
              SET_FIELD 'FIELD FIELD_FOR_CAPTURED_VALUE name:$appWidgetId type:kotlin.Int visibility:public/*package*/ [final] declared in com.searcher.zonenews.widget.glance.CompactNewsGlanceWidgetKt.CompactWidgetContent.<no name provided>' type=kotlin.Unit origin=INITIALIZER_OF_FIELD_FOR_CAPTURED_VALUE
                receiver: GET_VAR '<this>: com.searcher.zonenews.widget.glance.CompactNewsGlanceWidgetKt.CompactWidgetContent.<no name provided> declared in com.searcher.zonenews.widget.glance.CompactNewsGlanceWidgetKt.CompactWidgetContent.<no name provided>' type=com.searcher.zonenews.widget.glance.CompactNewsGlanceWidgetKt.CompactWidgetContent.<no name provided> origin=null
                value: GET_VAR '$appWidgetId: kotlin.Int declared in com.searcher.zonenews.widget.glance.CompactNewsGlanceWidgetKt.CompactWidgetContent.<no name provided>.<init>' type=kotlin.Int origin=null
              SET_FIELD 'FIELD FIELD_FOR_CAPTURED_VALUE name:$context type:android.content.Context visibility:public/*package*/ [final] declared in com.searcher.zonenews.widget.glance.CompactNewsGlanceWidgetKt.CompactWidgetContent.<no name provided>' type=kotlin.Unit origin=INITIALIZER_OF_FIELD_FOR_CAPTURED_VALUE
                receiver: GET_VAR '<this>: com.searcher.zonenews.widget.glance.CompactNewsGlanceWidgetKt.CompactWidgetContent.<no name provided> declared in com.searcher.zonenews.widget.glance.CompactNewsGlanceWidgetKt.CompactWidgetContent.<no name provided>' type=com.searcher.zonenews.widget.glance.CompactNewsGlanceWidgetKt.CompactWidgetContent.<no name provided> origin=null
                value: GET_VAR '$context: android.content.Context declared in com.searcher.zonenews.widget.glance.CompactNewsGlanceWidgetKt.CompactWidgetContent.<no name provided>.<init>' type=android.content.Context origin=null
              SET_FIELD 'FIELD FIELD_FOR_CAPTURED_VALUE name:$article$delegate type:androidx.compose.runtime.MutableState<com.searcher.zonenews.entry.HomeDataListEntry.DataDTO.ArticlesDTO?> visibility:public/*package*/ [final] declared in com.searcher.zonenews.widget.glance.CompactNewsGlanceWidgetKt.CompactWidgetContent.<no name provided>' type=kotlin.Unit origin=INITIALIZER_OF_FIELD_FOR_CAPTURED_VALUE
                receiver: GET_VAR '<this>: com.searcher.zonenews.widget.glance.CompactNewsGlanceWidgetKt.CompactWidgetContent.<no name provided> declared in com.searcher.zonenews.widget.glance.CompactNewsGlanceWidgetKt.CompactWidgetContent.<no name provided>' type=com.searcher.zonenews.widget.glance.CompactNewsGlanceWidgetKt.CompactWidgetContent.<no name provided> origin=null
                value: GET_VAR '$article$delegate: androidx.compose.runtime.MutableState<com.searcher.zonenews.entry.HomeDataListEntry.DataDTO.ArticlesDTO?> declared in com.searcher.zonenews.widget.glance.CompactNewsGlanceWidgetKt.CompactWidgetContent.<no name provided>.<init>' type=androidx.compose.runtime.MutableState<com.searcher.zonenews.entry.HomeDataListEntry.DataDTO.ArticlesDTO?> origin=null
              SET_FIELD 'FIELD FIELD_FOR_CAPTURED_VALUE name:$pageStatus$delegate type:androidx.compose.runtime.MutableState<kotlin.Pair<kotlin.Int, kotlin.Int>?> visibility:public/*package*/ [final] declared in com.searcher.zonenews.widget.glance.CompactNewsGlanceWidgetKt.CompactWidgetContent.<no name provided>' type=kotlin.Unit origin=INITIALIZER_OF_FIELD_FOR_CAPTURED_VALUE
                receiver: GET_VAR '<this>: com.searcher.zonenews.widget.glance.CompactNewsGlanceWidgetKt.CompactWidgetContent.<no name provided> declared in com.searcher.zonenews.widget.glance.CompactNewsGlanceWidgetKt.CompactWidgetContent.<no name provided>' type=com.searcher.zonenews.widget.glance.CompactNewsGlanceWidgetKt.CompactWidgetContent.<no name provided> origin=null
                value: GET_VAR '$pageStatus$delegate: androidx.compose.runtime.MutableState<kotlin.Pair<kotlin.Int, kotlin.Int>?> declared in com.searcher.zonenews.widget.glance.CompactNewsGlanceWidgetKt.CompactWidgetContent.<no name provided>.<init>' type=androidx.compose.runtime.MutableState<kotlin.Pair<kotlin.Int, kotlin.Int>?> origin=null
              SET_FIELD 'FIELD FIELD_FOR_CAPTURED_VALUE name:$bitmap$delegate type:androidx.compose.runtime.MutableState<android.graphics.Bitmap?> visibility:public/*package*/ [final] declared in com.searcher.zonenews.widget.glance.CompactNewsGlanceWidgetKt.CompactWidgetContent.<no name provided>' type=kotlin.Unit origin=INITIALIZER_OF_FIELD_FOR_CAPTURED_VALUE
                receiver: GET_VAR '<this>: com.searcher.zonenews.widget.glance.CompactNewsGlanceWidgetKt.CompactWidgetContent.<no name provided> declared in com.searcher.zonenews.widget.glance.CompactNewsGlanceWidgetKt.CompactWidgetContent.<no name provided>' type=com.searcher.zonenews.widget.glance.CompactNewsGlanceWidgetKt.CompactWidgetContent.<no name provided> origin=null
                value: GET_VAR '$bitmap$delegate: androidx.compose.runtime.MutableState<android.graphics.Bitmap?> declared in com.searcher.zonenews.widget.glance.CompactNewsGlanceWidgetKt.CompactWidgetContent.<no name provided>.<init>' type=androidx.compose.runtime.MutableState<android.graphics.Bitmap?> origin=null
              SET_FIELD 'FIELD FIELD_FOR_CAPTURED_VALUE name:$isLoading$delegate type:androidx.compose.runtime.MutableState<kotlin.Boolean> visibility:public/*package*/ [final] declared in com.searcher.zonenews.widget.glance.CompactNewsGlanceWidgetKt.CompactWidgetContent.<no name provided>' type=kotlin.Unit origin=INITIALIZER_OF_FIELD_FOR_CAPTURED_VALUE
                receiver: GET_VAR '<this>: com.searcher.zonenews.widget.glance.CompactNewsGlanceWidgetKt.CompactWidgetContent.<no name provided> declared in com.searcher.zonenews.widget.glance.CompactNewsGlanceWidgetKt.CompactWidgetContent.<no name provided>' type=com.searcher.zonenews.widget.glance.CompactNewsGlanceWidgetKt.CompactWidgetContent.<no name provided> origin=null
                value: GET_VAR '$isLoading$delegate: androidx.compose.runtime.MutableState<kotlin.Boolean> declared in com.searcher.zonenews.widget.glance.CompactNewsGlanceWidgetKt.CompactWidgetContent.<no name provided>.<init>' type=androidx.compose.runtime.MutableState<kotlin.Boolean> origin=null
              SET_FIELD 'FIELD FIELD_FOR_CAPTURED_VALUE name:$isError$delegate type:androidx.compose.runtime.MutableState<kotlin.Boolean> visibility:public/*package*/ [final] declared in com.searcher.zonenews.widget.glance.CompactNewsGlanceWidgetKt.CompactWidgetContent.<no name provided>' type=kotlin.Unit origin=INITIALIZER_OF_FIELD_FOR_CAPTURED_VALUE
                receiver: GET_VAR '<this>: com.searcher.zonenews.widget.glance.CompactNewsGlanceWidgetKt.CompactWidgetContent.<no name provided> declared in com.searcher.zonenews.widget.glance.CompactNewsGlanceWidgetKt.CompactWidgetContent.<no name provided>' type=com.searcher.zonenews.widget.glance.CompactNewsGlanceWidgetKt.CompactWidgetContent.<no name provided> origin=null
                value: GET_VAR '$isError$delegate: androidx.compose.runtime.MutableState<kotlin.Boolean> declared in com.searcher.zonenews.widget.glance.CompactNewsGlanceWidgetKt.CompactWidgetContent.<no name provided>.<init>' type=androidx.compose.runtime.MutableState<kotlin.Boolean> origin=null
              DELEGATING_CONSTRUCTOR_CALL 'public constructor <init> (arity: kotlin.Int, $completion: kotlin.coroutines.Continuation<kotlin.Any?>?) declared in kotlin.coroutines.jvm.internal.SuspendLambda'
                arity: CONST Int type=kotlin.Int value=2
                $completion: GET_VAR '$completion: kotlin.coroutines.Continuation<com.searcher.zonenews.widget.glance.CompactNewsGlanceWidgetKt.CompactWidgetContent.<no name provided>>? declared in com.searcher.zonenews.widget.glance.CompactNewsGlanceWidgetKt.CompactWidgetContent.<no name provided>.<init>' type=kotlin.coroutines.Continuation<com.searcher.zonenews.widget.glance.CompactNewsGlanceWidgetKt.CompactWidgetContent.<no name provided>>? origin=null
              BLOCK type=kotlin.Unit origin=null
          FUN name:invokeSuspend visibility:public modality:FINAL <> ($this:com.searcher.zonenews.widget.glance.CompactNewsGlanceWidgetKt.CompactWidgetContent.<no name provided>, $result:kotlin.Result<kotlin.Any?>) returnType:kotlin.Any?
            overridden:
              protected abstract fun invokeSuspend ($result: kotlin.Result<kotlin.Any?>): kotlin.Any? declared in kotlin.coroutines.jvm.internal.SuspendLambda
            $this: VALUE_PARAMETER INSTANCE_RECEIVER name:<this> type:com.searcher.zonenews.widget.glance.CompactNewsGlanceWidgetKt.CompactWidgetContent.<no name provided>
            VALUE_PARAMETER name:$result index:0 type:kotlin.Result<kotlin.Any?>
            BLOCK_BODY
              WHEN type=kotlin.Unit origin=IF
                BRANCH
                  if: CALL 'public final fun not (): kotlin.Boolean [operator] declared in kotlin.Boolean' type=kotlin.Boolean origin=EXCLEQ
                    $this: CALL 'public final fun EQEQ (arg0: kotlin.Any?, arg1: kotlin.Any?): kotlin.Boolean declared in kotlin.internal.ir' type=kotlin.Boolean origin=EXCLEQ
                      arg0: GET_FIELD 'FIELD FIELD_FOR_CAPTURED_VALUE name:$appWidgetId type:kotlin.Int visibility:public/*package*/ [final] declared in com.searcher.zonenews.widget.glance.CompactNewsGlanceWidgetKt.CompactWidgetContent.<no name provided>' type=kotlin.Int origin=null
                        receiver: GET_VAR '<this>: com.searcher.zonenews.widget.glance.CompactNewsGlanceWidgetKt.CompactWidgetContent.<no name provided> declared in com.searcher.zonenews.widget.glance.CompactNewsGlanceWidgetKt.CompactWidgetContent.<no name provided>.invokeSuspend' type=com.searcher.zonenews.widget.glance.CompactNewsGlanceWidgetKt.CompactWidgetContent.<no name provided> origin=null
                      arg1: CONST Int type=kotlin.Int value=-1
                  then: BLOCK type=kotlin.Unit origin=null
                    TRY type=kotlin.Unit
                      try: BLOCK type=kotlin.Unit origin=null
                        VAR name:data type:com.searcher.zonenews.entry.HomeDataListEntry.DataDTO.ArticlesDTO? [val]
                          CALL 'public final fun getCurrentArticle (context: android.content.Context, widgetId: kotlin.Int, $completion: kotlin.coroutines.Continuation<com.searcher.zonenews.entry.HomeDataListEntry.DataDTO.ArticlesDTO?>): kotlin.Any? [suspend] declared in com.searcher.zonenews.widget.WidgetDataProvider' type=com.searcher.zonenews.entry.HomeDataListEntry.DataDTO.ArticlesDTO? origin=null
                            $this: GET_FIELD 'FIELD FIELD_FOR_OBJECT_INSTANCE name:INSTANCE type:com.searcher.zonenews.widget.WidgetDataProvider visibility:public [final,static] declared in com.searcher.zonenews.widget.WidgetDataProvider' type=com.searcher.zonenews.widget.WidgetDataProvider origin=null
                            context: GET_FIELD 'FIELD FIELD_FOR_CAPTURED_VALUE name:$context type:android.content.Context visibility:public/*package*/ [final] declared in com.searcher.zonenews.widget.glance.CompactNewsGlanceWidgetKt.CompactWidgetContent.<no name provided>' type=android.content.Context origin=null
                              receiver: GET_VAR '<this>: com.searcher.zonenews.widget.glance.CompactNewsGlanceWidgetKt.CompactWidgetContent.<no name provided> declared in com.searcher.zonenews.widget.glance.CompactNewsGlanceWidgetKt.CompactWidgetContent.<no name provided>.invokeSuspend' type=com.searcher.zonenews.widget.glance.CompactNewsGlanceWidgetKt.CompactWidgetContent.<no name provided> origin=null
                            widgetId: GET_FIELD 'FIELD FIELD_FOR_CAPTURED_VALUE name:$appWidgetId type:kotlin.Int visibility:public/*package*/ [final] declared in com.searcher.zonenews.widget.glance.CompactNewsGlanceWidgetKt.CompactWidgetContent.<no name provided>' type=kotlin.Int origin=null
                              receiver: GET_VAR '<this>: com.searcher.zonenews.widget.glance.CompactNewsGlanceWidgetKt.CompactWidgetContent.<no name provided> declared in com.searcher.zonenews.widget.glance.CompactNewsGlanceWidgetKt.CompactWidgetContent.<no name provided>.invokeSuspend' type=com.searcher.zonenews.widget.glance.CompactNewsGlanceWidgetKt.CompactWidgetContent.<no name provided> origin=null
                            $completion: GET_VAR '<this>: com.searcher.zonenews.widget.glance.CompactNewsGlanceWidgetKt.CompactWidgetContent.<no name provided> declared in com.searcher.zonenews.widget.glance.CompactNewsGlanceWidgetKt.CompactWidgetContent.<no name provided>.invokeSuspend' type=com.searcher.zonenews.widget.glance.CompactNewsGlanceWidgetKt.CompactWidgetContent.<no name provided> origin=null
                        WHEN type=kotlin.Unit origin=IF
                          BRANCH
                            if: CALL 'public final fun not (): kotlin.Boolean [operator] declared in kotlin.Boolean' type=kotlin.Boolean origin=EXCLEQ
                              $this: CALL 'public final fun EQEQ (arg0: kotlin.Any?, arg1: kotlin.Any?): kotlin.Boolean declared in kotlin.internal.ir' type=kotlin.Boolean origin=EXCLEQ
                                arg0: GET_VAR 'val data: com.searcher.zonenews.entry.HomeDataListEntry.DataDTO.ArticlesDTO? [val] declared in com.searcher.zonenews.widget.glance.CompactNewsGlanceWidgetKt.CompactWidgetContent.<no name provided>.invokeSuspend' type=com.searcher.zonenews.entry.HomeDataListEntry.DataDTO.ArticlesDTO? origin=null
                                arg1: CONST Null type=kotlin.Nothing? value=null
                            then: BLOCK type=kotlin.Unit origin=null
                              CALL 'public final fun access$CompactWidgetContent$lambda$2 ($article$delegate: androidx.compose.runtime.MutableState<com.searcher.zonenews.entry.HomeDataListEntry.DataDTO.ArticlesDTO?>, <set-?>: com.searcher.zonenews.entry.HomeDataListEntry.DataDTO.ArticlesDTO?): kotlin.Unit declared in com.searcher.zonenews.widget.glance.CompactNewsGlanceWidgetKt' type=kotlin.Unit origin=EQ
                                $article$delegate: GET_FIELD 'FIELD FIELD_FOR_CAPTURED_VALUE name:$article$delegate type:androidx.compose.runtime.MutableState<com.searcher.zonenews.entry.HomeDataListEntry.DataDTO.ArticlesDTO?> visibility:public/*package*/ [final] declared in com.searcher.zonenews.widget.glance.CompactNewsGlanceWidgetKt.CompactWidgetContent.<no name provided>' type=androidx.compose.runtime.MutableState<com.searcher.zonenews.entry.HomeDataListEntry.DataDTO.ArticlesDTO?> origin=null
                                  receiver: GET_VAR '<this>: com.searcher.zonenews.widget.glance.CompactNewsGlanceWidgetKt.CompactWidgetContent.<no name provided> declared in com.searcher.zonenews.widget.glance.CompactNewsGlanceWidgetKt.CompactWidgetContent.<no name provided>.invokeSuspend' type=com.searcher.zonenews.widget.glance.CompactNewsGlanceWidgetKt.CompactWidgetContent.<no name provided> origin=null
                                <set-?>: GET_VAR 'val data: com.searcher.zonenews.entry.HomeDataListEntry.DataDTO.ArticlesDTO? [val] declared in com.searcher.zonenews.widget.glance.CompactNewsGlanceWidgetKt.CompactWidgetContent.<no name provided>.invokeSuspend' type=com.searcher.zonenews.entry.HomeDataListEntry.DataDTO.ArticlesDTO? origin=null
                              CALL 'public final fun access$CompactWidgetContent$lambda$5 ($pageStatus$delegate: androidx.compose.runtime.MutableState<kotlin.Pair<kotlin.Int, kotlin.Int>?>, <set-?>: kotlin.Pair<kotlin.Int, kotlin.Int>?): kotlin.Unit declared in com.searcher.zonenews.widget.glance.CompactNewsGlanceWidgetKt' type=kotlin.Unit origin=EQ
                                $pageStatus$delegate: GET_FIELD 'FIELD FIELD_FOR_CAPTURED_VALUE name:$pageStatus$delegate type:androidx.compose.runtime.MutableState<kotlin.Pair<kotlin.Int, kotlin.Int>?> visibility:public/*package*/ [final] declared in com.searcher.zonenews.widget.glance.CompactNewsGlanceWidgetKt.CompactWidgetContent.<no name provided>' type=androidx.compose.runtime.MutableState<kotlin.Pair<kotlin.Int, kotlin.Int>?> origin=null
                                  receiver: GET_VAR '<this>: com.searcher.zonenews.widget.glance.CompactNewsGlanceWidgetKt.CompactWidgetContent.<no name provided> declared in com.searcher.zonenews.widget.glance.CompactNewsGlanceWidgetKt.CompactWidgetContent.<no name provided>.invokeSuspend' type=com.searcher.zonenews.widget.glance.CompactNewsGlanceWidgetKt.CompactWidgetContent.<no name provided> origin=null
                                <set-?>: CALL 'public final fun getPageStatus (context: android.content.Context, widgetId: kotlin.Int): kotlin.Pair<kotlin.Int, kotlin.Int>? declared in com.searcher.zonenews.widget.WidgetDataProvider' type=kotlin.Pair<kotlin.Int, kotlin.Int>? origin=null
                                  $this: GET_FIELD 'FIELD FIELD_FOR_OBJECT_INSTANCE name:INSTANCE type:com.searcher.zonenews.widget.WidgetDataProvider visibility:public [final,static] declared in com.searcher.zonenews.widget.WidgetDataProvider' type=com.searcher.zonenews.widget.WidgetDataProvider origin=null
                                  context: GET_FIELD 'FIELD FIELD_FOR_CAPTURED_VALUE name:$context type:android.content.Context visibility:public/*package*/ [final] declared in com.searcher.zonenews.widget.glance.CompactNewsGlanceWidgetKt.CompactWidgetContent.<no name provided>' type=android.content.Context origin=null
                                    receiver: GET_VAR '<this>: com.searcher.zonenews.widget.glance.CompactNewsGlanceWidgetKt.CompactWidgetContent.<no name provided> declared in com.searcher.zonenews.widget.glance.CompactNewsGlanceWidgetKt.CompactWidgetContent.<no name provided>.invokeSuspend' type=com.searcher.zonenews.widget.glance.CompactNewsGlanceWidgetKt.CompactWidgetContent.<no name provided> origin=null
                                  widgetId: GET_FIELD 'FIELD FIELD_FOR_CAPTURED_VALUE name:$appWidgetId type:kotlin.Int visibility:public/*package*/ [final] declared in com.searcher.zonenews.widget.glance.CompactNewsGlanceWidgetKt.CompactWidgetContent.<no name provided>' type=kotlin.Int origin=null
                                    receiver: GET_VAR '<this>: com.searcher.zonenews.widget.glance.CompactNewsGlanceWidgetKt.CompactWidgetContent.<no name provided> declared in com.searcher.zonenews.widget.glance.CompactNewsGlanceWidgetKt.CompactWidgetContent.<no name provided>.invokeSuspend' type=com.searcher.zonenews.widget.glance.CompactNewsGlanceWidgetKt.CompactWidgetContent.<no name provided> origin=null
                              WHEN type=kotlin.Unit origin=IF
                                BRANCH
                                  if: CALL 'public final fun not (): kotlin.Boolean [operator] declared in kotlin.Boolean' type=kotlin.Boolean origin=null
                                    $this: CALL 'public final fun isNullOrEmpty (): kotlin.Boolean [inline] declared in kotlin.text.StringsKt' type=kotlin.Boolean origin=null
                                      $receiver: CALL 'public open fun getPictureURL (): @[FlexibleNullability] kotlin.String? declared in com.searcher.zonenews.entry.HomeDataListEntry.DataDTO.ArticlesDTO' type=@[FlexibleNullability] kotlin.String? origin=GET_PROPERTY
                                        $this: GET_VAR 'val data: com.searcher.zonenews.entry.HomeDataListEntry.DataDTO.ArticlesDTO? [val] declared in com.searcher.zonenews.widget.glance.CompactNewsGlanceWidgetKt.CompactWidgetContent.<no name provided>.invokeSuspend' type=com.searcher.zonenews.entry.HomeDataListEntry.DataDTO.ArticlesDTO? origin=null
                                  then: BLOCK type=kotlin.Unit origin=null
                                    TRY type=kotlin.Unit
                                      try: BLOCK type=kotlin.Unit origin=null
                                        CALL 'public final fun access$CompactWidgetContent$lambda$8 ($bitmap$delegate: androidx.compose.runtime.MutableState<android.graphics.Bitmap?>, <set-?>: android.graphics.Bitmap?): kotlin.Unit declared in com.searcher.zonenews.widget.glance.CompactNewsGlanceWidgetKt' type=kotlin.Unit origin=EQ
                                          $bitmap$delegate: GET_FIELD 'FIELD FIELD_FOR_CAPTURED_VALUE name:$bitmap$delegate type:androidx.compose.runtime.MutableState<android.graphics.Bitmap?> visibility:public/*package*/ [final] declared in com.searcher.zonenews.widget.glance.CompactNewsGlanceWidgetKt.CompactWidgetContent.<no name provided>' type=androidx.compose.runtime.MutableState<android.graphics.Bitmap?> origin=null
                                            receiver: GET_VAR '<this>: com.searcher.zonenews.widget.glance.CompactNewsGlanceWidgetKt.CompactWidgetContent.<no name provided> declared in com.searcher.zonenews.widget.glance.CompactNewsGlanceWidgetKt.CompactWidgetContent.<no name provided>.invokeSuspend' type=com.searcher.zonenews.widget.glance.CompactNewsGlanceWidgetKt.CompactWidgetContent.<no name provided> origin=null
                                          <set-?>: CALL 'public final fun withContext <T> (context: kotlin.coroutines.CoroutineContext, block: @[ExtensionFunctionType] kotlin.coroutines.SuspendFunction1<kotlinx.coroutines.CoroutineScope, T of kotlinx.coroutines.BuildersKt.withContext>, $completion: kotlin.coroutines.Continuation<T of kotlinx.coroutines.BuildersKt.withContext>): kotlin.Any? [suspend] declared in kotlinx.coroutines.BuildersKt' type=@[FlexibleNullability] android.graphics.Bitmap? origin=null
                                            <T>: @[FlexibleNullability] android.graphics.Bitmap?
                                            context: CALL 'public final fun <get-IO> (): kotlinx.coroutines.CoroutineDispatcher declared in kotlinx.coroutines.Dispatchers' type=kotlinx.coroutines.CoroutineDispatcher origin=GET_PROPERTY
                                            block: BLOCK type=com.searcher.zonenews.widget.glance.CompactNewsGlanceWidgetKt.CompactWidgetContent.<no name provided>.invokeSuspend.<no name provided> origin=null
                                              CLASS SUSPEND_LAMBDA CLASS name:<no name provided> modality:FINAL visibility:public/*package*/ superTypes:[kotlin.coroutines.jvm.internal.SuspendLambda; kotlin.jvm.functions.Function2<kotlinx.coroutines.CoroutineScope, kotlin.coroutines.Continuation<@[FlexibleNullability] android.graphics.Bitmap?>?, kotlin.Any?>]
                                                $this: VALUE_PARAMETER INSTANCE_RECEIVER name:<this> type:com.searcher.zonenews.widget.glance.CompactNewsGlanceWidgetKt.CompactWidgetContent.<no name provided>.invokeSuspend.<no name provided>
                                                FIELD name:label type:kotlin.Int visibility:public/*package*/
                                                CONSTRUCTOR SUSPEND_LAMBDA visibility:public/*package*/ <> ($context:android.content.Context, $data:com.searcher.zonenews.entry.HomeDataListEntry.DataDTO.ArticlesDTO?, $completion:kotlin.coroutines.Continuation<com.searcher.zonenews.widget.glance.CompactNewsGlanceWidgetKt.CompactWidgetContent.<no name provided>.invokeSuspend.<no name provided>>?) returnType:com.searcher.zonenews.widget.glance.CompactNewsGlanceWidgetKt.CompactWidgetContent.<no name provided>.invokeSuspend.<no name provided> [primary]
                                                  VALUE_PARAMETER BOUND_VALUE_PARAMETER name:$context index:0 type:android.content.Context
                                                  VALUE_PARAMETER BOUND_VALUE_PARAMETER name:$data index:1 type:com.searcher.zonenews.entry.HomeDataListEntry.DataDTO.ArticlesDTO?
                                                  VALUE_PARAMETER name:$completion index:2 type:kotlin.coroutines.Continuation<com.searcher.zonenews.widget.glance.CompactNewsGlanceWidgetKt.CompactWidgetContent.<no name provided>.invokeSuspend.<no name provided>>?
                                                  BLOCK_BODY
                                                    SET_FIELD 'FIELD FIELD_FOR_CAPTURED_VALUE name:$context type:android.content.Context visibility:public/*package*/ [final] declared in com.searcher.zonenews.widget.glance.CompactNewsGlanceWidgetKt.CompactWidgetContent.<no name provided>.invokeSuspend.<no name provided>' type=kotlin.Unit origin=INITIALIZER_OF_FIELD_FOR_CAPTURED_VALUE
                                                      receiver: GET_VAR '<this>: com.searcher.zonenews.widget.glance.CompactNewsGlanceWidgetKt.CompactWidgetContent.<no name provided>.invokeSuspend.<no name provided> declared in com.searcher.zonenews.widget.glance.CompactNewsGlanceWidgetKt.CompactWidgetContent.<no name provided>.invokeSuspend.<no name provided>' type=com.searcher.zonenews.widget.glance.CompactNewsGlanceWidgetKt.CompactWidgetContent.<no name provided>.invokeSuspend.<no name provided> origin=null
                                                      value: GET_VAR '$context: android.content.Context declared in com.searcher.zonenews.widget.glance.CompactNewsGlanceWidgetKt.CompactWidgetContent.<no name provided>.invokeSuspend.<no name provided>.<init>' type=android.content.Context origin=null
                                                    SET_FIELD 'FIELD FIELD_FOR_CAPTURED_VALUE name:$data type:com.searcher.zonenews.entry.HomeDataListEntry.DataDTO.ArticlesDTO? visibility:public/*package*/ [final] declared in com.searcher.zonenews.widget.glance.CompactNewsGlanceWidgetKt.CompactWidgetContent.<no name provided>.invokeSuspend.<no name provided>' type=kotlin.Unit origin=INITIALIZER_OF_FIELD_FOR_CAPTURED_VALUE
                                                      receiver: GET_VAR '<this>: com.searcher.zonenews.widget.glance.CompactNewsGlanceWidgetKt.CompactWidgetContent.<no name provided>.invokeSuspend.<no name provided> declared in com.searcher.zonenews.widget.glance.CompactNewsGlanceWidgetKt.CompactWidgetContent.<no name provided>.invokeSuspend.<no name provided>' type=com.searcher.zonenews.widget.glance.CompactNewsGlanceWidgetKt.CompactWidgetContent.<no name provided>.invokeSuspend.<no name provided> origin=null
                                                      value: GET_VAR '$data: com.searcher.zonenews.entry.HomeDataListEntry.DataDTO.ArticlesDTO? declared in com.searcher.zonenews.widget.glance.CompactNewsGlanceWidgetKt.CompactWidgetContent.<no name provided>.invokeSuspend.<no name provided>.<init>' type=com.searcher.zonenews.entry.HomeDataListEntry.DataDTO.ArticlesDTO? origin=null
                                                    DELEGATING_CONSTRUCTOR_CALL 'public constructor <init> (arity: kotlin.Int, $completion: kotlin.coroutines.Continuation<kotlin.Any?>?) declared in kotlin.coroutines.jvm.internal.SuspendLambda'
                                                      arity: CONST Int type=kotlin.Int value=2
                                                      $completion: GET_VAR '$completion: kotlin.coroutines.Continuation<com.searcher.zonenews.widget.glance.CompactNewsGlanceWidgetKt.CompactWidgetContent.<no name provided>.invokeSuspend.<no name provided>>? declared in com.searcher.zonenews.widget.glance.CompactNewsGlanceWidgetKt.CompactWidgetContent.<no name provided>.invokeSuspend.<no name provided>.<init>' type=kotlin.coroutines.Continuation<com.searcher.zonenews.widget.glance.CompactNewsGlanceWidgetKt.CompactWidgetContent.<no name provided>.invokeSuspend.<no name provided>>? origin=null
                                                    BLOCK type=kotlin.Unit origin=null
                                                FUN name:invokeSuspend visibility:public modality:FINAL <> ($this:com.searcher.zonenews.widget.glance.CompactNewsGlanceWidgetKt.CompactWidgetContent.<no name provided>.invokeSuspend.<no name provided>, $result:kotlin.Result<kotlin.Any?>) returnType:kotlin.Any?
                                                  overridden:
                                                    protected abstract fun invokeSuspend ($result: kotlin.Result<kotlin.Any?>): kotlin.Any? declared in kotlin.coroutines.jvm.internal.SuspendLambda
                                                  $this: VALUE_PARAMETER INSTANCE_RECEIVER name:<this> type:com.searcher.zonenews.widget.glance.CompactNewsGlanceWidgetKt.CompactWidgetContent.<no name provided>.invokeSuspend.<no name provided>
                                                  VALUE_PARAMETER name:$result index:0 type:kotlin.Result<kotlin.Any?>
                                                  BLOCK_BODY
                                                    RETURN type=kotlin.Nothing from='public final fun invokeSuspend ($result: kotlin.Result<kotlin.Any?>): kotlin.Any? declared in com.searcher.zonenews.widget.glance.CompactNewsGlanceWidgetKt.CompactWidgetContent.<no name provided>.invokeSuspend.<no name provided>'
                                                      CALL 'public abstract fun get (): @[FlexibleNullability] R of com.bumptech.glide.request.FutureTarget? [fake_override] declared in com.bumptech.glide.request.FutureTarget' type=@[FlexibleNullability] android.graphics.Bitmap? origin=null
                                                        $this: CALL 'public open fun submit (p0: kotlin.Int, p1: kotlin.Int): @[EnhancedNullability] com.bumptech.glide.request.FutureTarget<@[FlexibleNullability] TranscodeType of com.bumptech.glide.RequestBuilder?> declared in com.bumptech.glide.RequestBuilder' type=@[EnhancedNullability] com.bumptech.glide.request.FutureTarget<@[FlexibleNullability] android.graphics.Bitmap?> origin=null
                                                          $this: CALL 'public open fun load (p0: @[EnhancedNullability] kotlin.String?): @[EnhancedNullability] com.bumptech.glide.RequestBuilder<@[FlexibleNullability] TranscodeType of com.bumptech.glide.RequestBuilder?> declared in com.bumptech.glide.RequestBuilder' type=@[EnhancedNullability] com.bumptech.glide.RequestBuilder<@[FlexibleNullability] android.graphics.Bitmap?> origin=null
                                                            $this: CALL 'public open fun asBitmap (): @[EnhancedNullability] com.bumptech.glide.RequestBuilder<@[FlexibleNullability] android.graphics.Bitmap?> declared in com.bumptech.glide.RequestManager' type=@[EnhancedNullability] com.bumptech.glide.RequestBuilder<@[FlexibleNullability] android.graphics.Bitmap?> origin=null
                                                              $this: CALL 'public open fun with (p0: @[EnhancedNullability] android.content.Context): @[EnhancedNullability] com.bumptech.glide.RequestManager declared in com.bumptech.glide.Glide' type=@[EnhancedNullability] com.bumptech.glide.RequestManager origin=null
                                                                p0: GET_FIELD 'FIELD FIELD_FOR_CAPTURED_VALUE name:$context type:android.content.Context visibility:public/*package*/ [final] declared in com.searcher.zonenews.widget.glance.CompactNewsGlanceWidgetKt.CompactWidgetContent.<no name provided>.invokeSuspend.<no name provided>' type=android.content.Context origin=null
                                                                  receiver: GET_VAR '<this>: com.searcher.zonenews.widget.glance.CompactNewsGlanceWidgetKt.CompactWidgetContent.<no name provided>.invokeSuspend.<no name provided> declared in com.searcher.zonenews.widget.glance.CompactNewsGlanceWidgetKt.CompactWidgetContent.<no name provided>.invokeSuspend.<no name provided>.invokeSuspend' type=com.searcher.zonenews.widget.glance.CompactNewsGlanceWidgetKt.CompactWidgetContent.<no name provided>.invokeSuspend.<no name provided> origin=null
                                                            p0: CALL 'public open fun getPictureURL (): @[FlexibleNullability] kotlin.String? declared in com.searcher.zonenews.entry.HomeDataListEntry.DataDTO.ArticlesDTO' type=@[FlexibleNullability] kotlin.String? origin=GET_PROPERTY
                                                              $this: GET_FIELD 'FIELD FIELD_FOR_CAPTURED_VALUE name:$data type:com.searcher.zonenews.entry.HomeDataListEntry.DataDTO.ArticlesDTO? visibility:public/*package*/ [final] declared in com.searcher.zonenews.widget.glance.CompactNewsGlanceWidgetKt.CompactWidgetContent.<no name provided>.invokeSuspend.<no name provided>' type=com.searcher.zonenews.entry.HomeDataListEntry.DataDTO.ArticlesDTO? origin=null
                                                                receiver: GET_VAR '<this>: com.searcher.zonenews.widget.glance.CompactNewsGlanceWidgetKt.CompactWidgetContent.<no name provided>.invokeSuspend.<no name provided> declared in com.searcher.zonenews.widget.glance.CompactNewsGlanceWidgetKt.CompactWidgetContent.<no name provided>.invokeSuspend.<no name provided>.invokeSuspend' type=com.searcher.zonenews.widget.glance.CompactNewsGlanceWidgetKt.CompactWidgetContent.<no name provided>.invokeSuspend.<no name provided> origin=null
                                                          p0: CONST Int type=kotlin.Int value=120
                                                          p1: CONST Int type=kotlin.Int value=120
                                                FUN name:create visibility:public modality:FINAL <> ($this:com.searcher.zonenews.widget.glance.CompactNewsGlanceWidgetKt.CompactWidgetContent.<no name provided>.invokeSuspend.<no name provided>, value:kotlin.Any?, $completion:kotlin.coroutines.Continuation<kotlin.Nothing>) returnType:kotlin.coroutines.Continuation<kotlin.Unit>
                                                  overridden:
                                                    public open fun create (value: kotlin.Any?, $completion: kotlin.coroutines.Continuation<kotlin.Nothing>): kotlin.coroutines.Continuation<kotlin.Unit> declared in kotlin.coroutines.jvm.internal.SuspendLambda
                                                  $this: VALUE_PARAMETER INSTANCE_RECEIVER name:<this> type:com.searcher.zonenews.widget.glance.CompactNewsGlanceWidgetKt.CompactWidgetContent.<no name provided>.invokeSuspend.<no name provided>
                                                  VALUE_PARAMETER name:value index:0 type:kotlin.Any?
                                                  VALUE_PARAMETER name:$completion index:1 type:kotlin.coroutines.Continuation<kotlin.Nothing>
                                                  BLOCK_BODY
                                                    RETURN type=kotlin.Nothing from='public final fun create (value: kotlin.Any?, $completion: kotlin.coroutines.Continuation<kotlin.Nothing>): kotlin.coroutines.Continuation<kotlin.Unit> declared in com.searcher.zonenews.widget.glance.CompactNewsGlanceWidgetKt.CompactWidgetContent.<no name provided>.invokeSuspend.<no name provided>'
                                                      CONSTRUCTOR_CALL 'public/*package*/ constructor <init> ($context: android.content.Context, $data: com.searcher.zonenews.entry.HomeDataListEntry.DataDTO.ArticlesDTO?, $completion: kotlin.coroutines.Continuation<com.searcher.zonenews.widget.glance.CompactNewsGlanceWidgetKt.CompactWidgetContent.<no name provided>.invokeSuspend.<no name provided>>?) [primary] declared in com.searcher.zonenews.widget.glance.CompactNewsGlanceWidgetKt.CompactWidgetContent.<no name provided>.invokeSuspend.<no name provided>' type=com.searcher.zonenews.widget.glance.CompactNewsGlanceWidgetKt.CompactWidgetContent.<no name provided>.invokeSuspend.<no name provided> origin=null
                                                        $context: GET_FIELD 'FIELD FIELD_FOR_CAPTURED_VALUE name:$context type:android.content.Context visibility:public/*package*/ [final] declared in com.searcher.zonenews.widget.glance.CompactNewsGlanceWidgetKt.CompactWidgetContent.<no name provided>.invokeSuspend.<no name provided>' type=android.content.Context origin=null
                                                          receiver: GET_VAR '<this>: com.searcher.zonenews.widget.glance.CompactNewsGlanceWidgetKt.CompactWidgetContent.<no name provided>.invokeSuspend.<no name provided> declared in com.searcher.zonenews.widget.glance.CompactNewsGlanceWidgetKt.CompactWidgetContent.<no name provided>.invokeSuspend.<no name provided>.create' type=com.searcher.zonenews.widget.glance.CompactNewsGlanceWidgetKt.CompactWidgetContent.<no name provided>.invokeSuspend.<no name provided> origin=null
                                                        $data: GET_FIELD 'FIELD FIELD_FOR_CAPTURED_VALUE name:$data type:com.searcher.zonenews.entry.HomeDataListEntry.DataDTO.ArticlesDTO? visibility:public/*package*/ [final] declared in com.searcher.zonenews.widget.glance.CompactNewsGlanceWidgetKt.CompactWidgetContent.<no name provided>.invokeSuspend.<no name provided>' type=com.searcher.zonenews.entry.HomeDataListEntry.DataDTO.ArticlesDTO? origin=null
                                                          receiver: GET_VAR '<this>: com.searcher.zonenews.widget.glance.CompactNewsGlanceWidgetKt.CompactWidgetContent.<no name provided>.invokeSuspend.<no name provided> declared in com.searcher.zonenews.widget.glance.CompactNewsGlanceWidgetKt.CompactWidgetContent.<no name provided>.invokeSuspend.<no name provided>.create' type=com.searcher.zonenews.widget.glance.CompactNewsGlanceWidgetKt.CompactWidgetContent.<no name provided>.invokeSuspend.<no name provided> origin=null
                                                        $completion: GET_VAR '$completion: kotlin.coroutines.Continuation<kotlin.Nothing> declared in com.searcher.zonenews.widget.glance.CompactNewsGlanceWidgetKt.CompactWidgetContent.<no name provided>.invokeSuspend.<no name provided>.create' type=kotlin.coroutines.Continuation<kotlin.Nothing> origin=null
                                                FUN name:invoke visibility:public modality:FINAL <> ($this:com.searcher.zonenews.widget.glance.CompactNewsGlanceWidgetKt.CompactWidgetContent.<no name provided>.invokeSuspend.<no name provided>, p1:kotlinx.coroutines.CoroutineScope, p2:kotlin.coroutines.Continuation<@[FlexibleNullability] android.graphics.Bitmap?>?) returnType:kotlin.Any?
                                                  overridden:
                                                    public abstract fun invoke (p1: P1 of kotlin.jvm.functions.Function2, p2: P2 of kotlin.jvm.functions.Function2): R of kotlin.jvm.functions.Function2 declared in kotlin.jvm.functions.Function2
                                                  $this: VALUE_PARAMETER INSTANCE_RECEIVER name:<this> type:com.searcher.zonenews.widget.glance.CompactNewsGlanceWidgetKt.CompactWidgetContent.<no name provided>.invokeSuspend.<no name provided>
                                                  VALUE_PARAMETER name:p1 index:0 type:kotlinx.coroutines.CoroutineScope
                                                  VALUE_PARAMETER name:p2 index:1 type:kotlin.coroutines.Continuation<@[FlexibleNullability] android.graphics.Bitmap?>?
                                                  BLOCK_BODY
                                                    RETURN type=kotlin.Nothing from='public final fun invoke (p1: kotlinx.coroutines.CoroutineScope, p2: kotlin.coroutines.Continuation<@[FlexibleNullability] android.graphics.Bitmap?>?): kotlin.Any? declared in com.searcher.zonenews.widget.glance.CompactNewsGlanceWidgetKt.CompactWidgetContent.<no name provided>.invokeSuspend.<no name provided>'
                                                      CALL 'public final fun invokeSuspend ($result: kotlin.Result<kotlin.Any?>): kotlin.Any? declared in com.searcher.zonenews.widget.glance.CompactNewsGlanceWidgetKt.CompactWidgetContent.<no name provided>.invokeSuspend.<no name provided>' type=kotlin.Any? origin=null
                                                        $this: TYPE_OP type=com.searcher.zonenews.widget.glance.CompactNewsGlanceWidgetKt.CompactWidgetContent.<no name provided>.invokeSuspend.<no name provided> origin=IMPLICIT_CAST typeOperand=com.searcher.zonenews.widget.glance.CompactNewsGlanceWidgetKt.CompactWidgetContent.<no name provided>.invokeSuspend.<no name provided>
                                                          CALL 'public final fun create (value: kotlin.Any?, $completion: kotlin.coroutines.Continuation<kotlin.Nothing>): kotlin.coroutines.Continuation<kotlin.Unit> declared in com.searcher.zonenews.widget.glance.CompactNewsGlanceWidgetKt.CompactWidgetContent.<no name provided>.invokeSuspend.<no name provided>' type=kotlin.coroutines.Continuation<kotlin.Unit> origin=null
                                                            $this: GET_VAR '<this>: com.searcher.zonenews.widget.glance.CompactNewsGlanceWidgetKt.CompactWidgetContent.<no name provided>.invokeSuspend.<no name provided> declared in com.searcher.zonenews.widget.glance.CompactNewsGlanceWidgetKt.CompactWidgetContent.<no name provided>.invokeSuspend.<no name provided>.invoke' type=com.searcher.zonenews.widget.glance.CompactNewsGlanceWidgetKt.CompactWidgetContent.<no name provided>.invokeSuspend.<no name provided> origin=null
                                                            value: GET_VAR 'p1: kotlinx.coroutines.CoroutineScope declared in com.searcher.zonenews.widget.glance.CompactNewsGlanceWidgetKt.CompactWidgetContent.<no name provided>.invokeSuspend.<no name provided>.invoke' type=kotlinx.coroutines.CoroutineScope origin=null
                                                            $completion: GET_VAR 'p2: kotlin.coroutines.Continuation<@[FlexibleNullability] android.graphics.Bitmap?>? declared in com.searcher.zonenews.widget.glance.CompactNewsGlanceWidgetKt.CompactWidgetContent.<no name provided>.invokeSuspend.<no name provided>.invoke' type=kotlin.coroutines.Continuation<@[FlexibleNullability] android.graphics.Bitmap?>? origin=null
                                                        $result: CALL 'public final fun <unsafe-coerce> <T, R> (v: T of kotlin.jvm.internal.<unsafe-coerce>): R of kotlin.jvm.internal.<unsafe-coerce> declared in kotlin.jvm.internal' type=kotlin.Result<kotlin.Any?> origin=null
                                                          <T>: kotlin.Any?
                                                          <R>: kotlin.Result<kotlin.Any?>
                                                          v: GET_FIELD 'FIELD FIELD_FOR_OBJECT_INSTANCE name:INSTANCE type:kotlin.Unit visibility:public [final,static] declared in kotlin.Unit' type=kotlin.Unit origin=null
                                                FIELD FIELD_FOR_CAPTURED_VALUE name:$context type:android.content.Context visibility:public/*package*/ [final]
                                                FIELD FIELD_FOR_CAPTURED_VALUE name:$data type:com.searcher.zonenews.entry.HomeDataListEntry.DataDTO.ArticlesDTO? visibility:public/*package*/ [final]
                                                FUN BRIDGE name:invoke visibility:public modality:OPEN <> ($this:com.searcher.zonenews.widget.glance.CompactNewsGlanceWidgetKt.CompactWidgetContent.<no name provided>.invokeSuspend.<no name provided>, p1:kotlin.Any?, p2:kotlin.Any?) returnType:kotlin.Any?
                                                  $this: VALUE_PARAMETER INSTANCE_RECEIVER name:<this> type:com.searcher.zonenews.widget.glance.CompactNewsGlanceWidgetKt.CompactWidgetContent.<no name provided>.invokeSuspend.<no name provided>
                                                  VALUE_PARAMETER BRIDGE name:p1 index:0 type:kotlin.Any?
                                                  VALUE_PARAMETER BRIDGE name:p2 index:1 type:kotlin.Any?
                                                  EXPRESSION_BODY
                                                    RETURN type=kotlin.Nothing from='public open fun invoke (p1: kotlin.Any?, p2: kotlin.Any?): kotlin.Any? declared in com.searcher.zonenews.widget.glance.CompactNewsGlanceWidgetKt.CompactWidgetContent.<no name provided>.invokeSuspend.<no name provided>'
                                                      CALL 'public final fun invoke (p1: kotlinx.coroutines.CoroutineScope, p2: kotlin.coroutines.Continuation<@[FlexibleNullability] android.graphics.Bitmap?>?): kotlin.Any? declared in com.searcher.zonenews.widget.glance.CompactNewsGlanceWidgetKt.CompactWidgetContent.<no name provided>.invokeSuspend.<no name provided>' type=kotlin.Any? origin=BRIDGE_DELEGATION
                                                        $this: GET_VAR '<this>: com.searcher.zonenews.widget.glance.CompactNewsGlanceWidgetKt.CompactWidgetContent.<no name provided>.invokeSuspend.<no name provided> declared in com.searcher.zonenews.widget.glance.CompactNewsGlanceWidgetKt.CompactWidgetContent.<no name provided>.invokeSuspend.<no name provided>.invoke' type=com.searcher.zonenews.widget.glance.CompactNewsGlanceWidgetKt.CompactWidgetContent.<no name provided>.invokeSuspend.<no name provided> origin=null
                                                        p1: TYPE_OP type=kotlinx.coroutines.CoroutineScope origin=IMPLICIT_CAST typeOperand=kotlinx.coroutines.CoroutineScope
                                                          GET_VAR 'p1: kotlin.Any? declared in com.searcher.zonenews.widget.glance.CompactNewsGlanceWidgetKt.CompactWidgetContent.<no name provided>.invokeSuspend.<no name provided>.invoke' type=kotlin.Any? origin=null
                                                        p2: TYPE_OP type=kotlin.coroutines.Continuation<*> origin=IMPLICIT_CAST typeOperand=kotlin.coroutines.Continuation<*>
                                                          GET_VAR 'p2: kotlin.Any? declared in com.searcher.zonenews.widget.glance.CompactNewsGlanceWidgetKt.CompactWidgetContent.<no name provided>.invokeSuspend.<no name provided>.invoke' type=kotlin.Any? origin=null
                                              CONSTRUCTOR_CALL 'public/*package*/ constructor <init> ($context: android.content.Context, $data: com.searcher.zonenews.entry.HomeDataListEntry.DataDTO.ArticlesDTO?, $completion: kotlin.coroutines.Continuation<com.searcher.zonenews.widget.glance.CompactNewsGlanceWidgetKt.CompactWidgetContent.<no name provided>.invokeSuspend.<no name provided>>?) [primary] declared in com.searcher.zonenews.widget.glance.CompactNewsGlanceWidgetKt.CompactWidgetContent.<no name provided>.invokeSuspend.<no name provided>' type=com.searcher.zonenews.widget.glance.CompactNewsGlanceWidgetKt.CompactWidgetContent.<no name provided>.invokeSuspend.<no name provided> origin=null
                                                $context: GET_FIELD 'FIELD FIELD_FOR_CAPTURED_VALUE name:$context type:android.content.Context visibility:public/*package*/ [final] declared in com.searcher.zonenews.widget.glance.CompactNewsGlanceWidgetKt.CompactWidgetContent.<no name provided>' type=android.content.Context origin=null
                                                  receiver: GET_VAR '<this>: com.searcher.zonenews.widget.glance.CompactNewsGlanceWidgetKt.CompactWidgetContent.<no name provided> declared in com.searcher.zonenews.widget.glance.CompactNewsGlanceWidgetKt.CompactWidgetContent.<no name provided>.invokeSuspend' type=com.searcher.zonenews.widget.glance.CompactNewsGlanceWidgetKt.CompactWidgetContent.<no name provided> origin=null
                                                $data: GET_VAR 'val data: com.searcher.zonenews.entry.HomeDataListEntry.DataDTO.ArticlesDTO? [val] declared in com.searcher.zonenews.widget.glance.CompactNewsGlanceWidgetKt.CompactWidgetContent.<no name provided>.invokeSuspend' type=com.searcher.zonenews.entry.HomeDataListEntry.DataDTO.ArticlesDTO? origin=null
                                                $completion: CONST Null type=kotlin.Nothing? value=null
                                            $completion: GET_VAR '<this>: com.searcher.zonenews.widget.glance.CompactNewsGlanceWidgetKt.CompactWidgetContent.<no name provided> declared in com.searcher.zonenews.widget.glance.CompactNewsGlanceWidgetKt.CompactWidgetContent.<no name provided>.invokeSuspend' type=com.searcher.zonenews.widget.glance.CompactNewsGlanceWidgetKt.CompactWidgetContent.<no name provided> origin=null
                                      CATCH parameter=val e: java.lang.Exception [val] declared in com.searcher.zonenews.widget.glance.CompactNewsGlanceWidgetKt.CompactWidgetContent.<no name provided>.invokeSuspend
                                        VAR CATCH_PARAMETER name:e type:java.lang.Exception [val]
                                        BLOCK type=kotlin.Unit origin=null
                              CALL 'public final fun access$CompactWidgetContent$lambda$11 ($isLoading$delegate: androidx.compose.runtime.MutableState<kotlin.Boolean>, <set-?>: kotlin.Boolean): kotlin.Unit declared in com.searcher.zonenews.widget.glance.CompactNewsGlanceWidgetKt' type=kotlin.Unit origin=EQ
                                $isLoading$delegate: GET_FIELD 'FIELD FIELD_FOR_CAPTURED_VALUE name:$isLoading$delegate type:androidx.compose.runtime.MutableState<kotlin.Boolean> visibility:public/*package*/ [final] declared in com.searcher.zonenews.widget.glance.CompactNewsGlanceWidgetKt.CompactWidgetContent.<no name provided>' type=androidx.compose.runtime.MutableState<kotlin.Boolean> origin=null
                                  receiver: GET_VAR '<this>: com.searcher.zonenews.widget.glance.CompactNewsGlanceWidgetKt.CompactWidgetContent.<no name provided> declared in com.searcher.zonenews.widget.glance.CompactNewsGlanceWidgetKt.CompactWidgetContent.<no name provided>.invokeSuspend' type=com.searcher.zonenews.widget.glance.CompactNewsGlanceWidgetKt.CompactWidgetContent.<no name provided> origin=null
                                <set-?>: CONST Boolean type=kotlin.Boolean value=false
                          BRANCH
                            if: CONST Boolean type=kotlin.Boolean value=true
                            then: BLOCK type=kotlin.Unit origin=null
                              CALL 'public final fun access$CompactWidgetContent$lambda$14 ($isError$delegate: androidx.compose.runtime.MutableState<kotlin.Boolean>, <set-?>: kotlin.Boolean): kotlin.Unit declared in com.searcher.zonenews.widget.glance.CompactNewsGlanceWidgetKt' type=kotlin.Unit origin=EQ
                                $isError$delegate: GET_FIELD 'FIELD FIELD_FOR_CAPTURED_VALUE name:$isError$delegate type:androidx.compose.runtime.MutableState<kotlin.Boolean> visibility:public/*package*/ [final] declared in com.searcher.zonenews.widget.glance.CompactNewsGlanceWidgetKt.CompactWidgetContent.<no name provided>' type=androidx.compose.runtime.MutableState<kotlin.Boolean> origin=null
                                  receiver: GET_VAR '<this>: com.searcher.zonenews.widget.glance.CompactNewsGlanceWidgetKt.CompactWidgetContent.<no name provided> declared in com.searcher.zonenews.widget.glance.CompactNewsGlanceWidgetKt.CompactWidgetContent.<no name provided>.invokeSuspend' type=com.searcher.zonenews.widget.glance.CompactNewsGlanceWidgetKt.CompactWidgetContent.<no name provided> origin=null
                                <set-?>: CONST Boolean type=kotlin.Boolean value=true
                              CALL 'public final fun access$CompactWidgetContent$lambda$11 ($isLoading$delegate: androidx.compose.runtime.MutableState<kotlin.Boolean>, <set-?>: kotlin.Boolean): kotlin.Unit declared in com.searcher.zonenews.widget.glance.CompactNewsGlanceWidgetKt' type=kotlin.Unit origin=EQ
                                $isLoading$delegate: GET_FIELD 'FIELD FIELD_FOR_CAPTURED_VALUE name:$isLoading$delegate type:androidx.compose.runtime.MutableState<kotlin.Boolean> visibility:public/*package*/ [final] declared in com.searcher.zonenews.widget.glance.CompactNewsGlanceWidgetKt.CompactWidgetContent.<no name provided>' type=androidx.compose.runtime.MutableState<kotlin.Boolean> origin=null
                                  receiver: GET_VAR '<this>: com.searcher.zonenews.widget.glance.CompactNewsGlanceWidgetKt.CompactWidgetContent.<no name provided> declared in com.searcher.zonenews.widget.glance.CompactNewsGlanceWidgetKt.CompactWidgetContent.<no name provided>.invokeSuspend' type=com.searcher.zonenews.widget.glance.CompactNewsGlanceWidgetKt.CompactWidgetContent.<no name provided> origin=null
                                <set-?>: CONST Boolean type=kotlin.Boolean value=false
                      CATCH parameter=val e: java.lang.Exception [val] declared in com.searcher.zonenews.widget.glance.CompactNewsGlanceWidgetKt.CompactWidgetContent.<no name provided>.invokeSuspend
                        VAR CATCH_PARAMETER name:e type:java.lang.Exception [val]
                        BLOCK type=kotlin.Unit origin=null
                          CALL 'public final fun access$CompactWidgetContent$lambda$14 ($isError$delegate: androidx.compose.runtime.MutableState<kotlin.Boolean>, <set-?>: kotlin.Boolean): kotlin.Unit declared in com.searcher.zonenews.widget.glance.CompactNewsGlanceWidgetKt' type=kotlin.Unit origin=EQ
                            $isError$delegate: GET_FIELD 'FIELD FIELD_FOR_CAPTURED_VALUE name:$isError$delegate type:androidx.compose.runtime.MutableState<kotlin.Boolean> visibility:public/*package*/ [final] declared in com.searcher.zonenews.widget.glance.CompactNewsGlanceWidgetKt.CompactWidgetContent.<no name provided>' type=androidx.compose.runtime.MutableState<kotlin.Boolean> origin=null
                              receiver: GET_VAR '<this>: com.searcher.zonenews.widget.glance.CompactNewsGlanceWidgetKt.CompactWidgetContent.<no name provided> declared in com.searcher.zonenews.widget.glance.CompactNewsGlanceWidgetKt.CompactWidgetContent.<no name provided>.invokeSuspend' type=com.searcher.zonenews.widget.glance.CompactNewsGlanceWidgetKt.CompactWidgetContent.<no name provided> origin=null
                            <set-?>: CONST Boolean type=kotlin.Boolean value=true
                          CALL 'public final fun access$CompactWidgetContent$lambda$11 ($isLoading$delegate: androidx.compose.runtime.MutableState<kotlin.Boolean>, <set-?>: kotlin.Boolean): kotlin.Unit declared in com.searcher.zonenews.widget.glance.CompactNewsGlanceWidgetKt' type=kotlin.Unit origin=EQ
                            $isLoading$delegate: GET_FIELD 'FIELD FIELD_FOR_CAPTURED_VALUE name:$isLoading$delegate type:androidx.compose.runtime.MutableState<kotlin.Boolean> visibility:public/*package*/ [final] declared in com.searcher.zonenews.widget.glance.CompactNewsGlanceWidgetKt.CompactWidgetContent.<no name provided>' type=androidx.compose.runtime.MutableState<kotlin.Boolean> origin=null
                              receiver: GET_VAR '<this>: com.searcher.zonenews.widget.glance.CompactNewsGlanceWidgetKt.CompactWidgetContent.<no name provided> declared in com.searcher.zonenews.widget.glance.CompactNewsGlanceWidgetKt.CompactWidgetContent.<no name provided>.invokeSuspend' type=com.searcher.zonenews.widget.glance.CompactNewsGlanceWidgetKt.CompactWidgetContent.<no name provided> origin=null
                            <set-?>: CONST Boolean type=kotlin.Boolean value=false
          FUN name:create visibility:public modality:FINAL <> ($this:com.searcher.zonenews.widget.glance.CompactNewsGlanceWidgetKt.CompactWidgetContent.<no name provided>, value:kotlin.Any?, $completion:kotlin.coroutines.Continuation<kotlin.Nothing>) returnType:kotlin.coroutines.Continuation<kotlin.Unit>
            overridden:
              public open fun create (value: kotlin.Any?, $completion: kotlin.coroutines.Continuation<kotlin.Nothing>): kotlin.coroutines.Continuation<kotlin.Unit> declared in kotlin.coroutines.jvm.internal.SuspendLambda
            $this: VALUE_PARAMETER INSTANCE_RECEIVER name:<this> type:com.searcher.zonenews.widget.glance.CompactNewsGlanceWidgetKt.CompactWidgetContent.<no name provided>
            VALUE_PARAMETER name:value index:0 type:kotlin.Any?
            VALUE_PARAMETER name:$completion index:1 type:kotlin.coroutines.Continuation<kotlin.Nothing>
            BLOCK_BODY
              RETURN type=kotlin.Nothing from='public final fun create (value: kotlin.Any?, $completion: kotlin.coroutines.Continuation<kotlin.Nothing>): kotlin.coroutines.Continuation<kotlin.Unit> declared in com.searcher.zonenews.widget.glance.CompactNewsGlanceWidgetKt.CompactWidgetContent.<no name provided>'
                CONSTRUCTOR_CALL 'public/*package*/ constructor <init> ($appWidgetId: kotlin.Int, $context: android.content.Context, $article$delegate: androidx.compose.runtime.MutableState<com.searcher.zonenews.entry.HomeDataListEntry.DataDTO.ArticlesDTO?>, $pageStatus$delegate: androidx.compose.runtime.MutableState<kotlin.Pair<kotlin.Int, kotlin.Int>?>, $bitmap$delegate: androidx.compose.runtime.MutableState<android.graphics.Bitmap?>, $isLoading$delegate: androidx.compose.runtime.MutableState<kotlin.Boolean>, $isError$delegate: androidx.compose.runtime.MutableState<kotlin.Boolean>, $completion: kotlin.coroutines.Continuation<com.searcher.zonenews.widget.glance.CompactNewsGlanceWidgetKt.CompactWidgetContent.<no name provided>>?) [primary] declared in com.searcher.zonenews.widget.glance.CompactNewsGlanceWidgetKt.CompactWidgetContent.<no name provided>' type=com.searcher.zonenews.widget.glance.CompactNewsGlanceWidgetKt.CompactWidgetContent.<no name provided> origin=null
                  $appWidgetId: GET_FIELD 'FIELD FIELD_FOR_CAPTURED_VALUE name:$appWidgetId type:kotlin.Int visibility:public/*package*/ [final] declared in com.searcher.zonenews.widget.glance.CompactNewsGlanceWidgetKt.CompactWidgetContent.<no name provided>' type=kotlin.Int origin=null
                    receiver: GET_VAR '<this>: com.searcher.zonenews.widget.glance.CompactNewsGlanceWidgetKt.CompactWidgetContent.<no name provided> declared in com.searcher.zonenews.widget.glance.CompactNewsGlanceWidgetKt.CompactWidgetContent.<no name provided>.create' type=com.searcher.zonenews.widget.glance.CompactNewsGlanceWidgetKt.CompactWidgetContent.<no name provided> origin=null
                  $context: GET_FIELD 'FIELD FIELD_FOR_CAPTURED_VALUE name:$context type:android.content.Context visibility:public/*package*/ [final] declared in com.searcher.zonenews.widget.glance.CompactNewsGlanceWidgetKt.CompactWidgetContent.<no name provided>' type=android.content.Context origin=null
                    receiver: GET_VAR '<this>: com.searcher.zonenews.widget.glance.CompactNewsGlanceWidgetKt.CompactWidgetContent.<no name provided> declared in com.searcher.zonenews.widget.glance.CompactNewsGlanceWidgetKt.CompactWidgetContent.<no name provided>.create' type=com.searcher.zonenews.widget.glance.CompactNewsGlanceWidgetKt.CompactWidgetContent.<no name provided> origin=null
                  $article$delegate: GET_FIELD 'FIELD FIELD_FOR_CAPTURED_VALUE name:$article$delegate type:androidx.compose.runtime.MutableState<com.searcher.zonenews.entry.HomeDataListEntry.DataDTO.ArticlesDTO?> visibility:public/*package*/ [final] declared in com.searcher.zonenews.widget.glance.CompactNewsGlanceWidgetKt.CompactWidgetContent.<no name provided>' type=androidx.compose.runtime.MutableState<com.searcher.zonenews.entry.HomeDataListEntry.DataDTO.ArticlesDTO?> origin=null
                    receiver: GET_VAR '<this>: com.searcher.zonenews.widget.glance.CompactNewsGlanceWidgetKt.CompactWidgetContent.<no name provided> declared in com.searcher.zonenews.widget.glance.CompactNewsGlanceWidgetKt.CompactWidgetContent.<no name provided>.create' type=com.searcher.zonenews.widget.glance.CompactNewsGlanceWidgetKt.CompactWidgetContent.<no name provided> origin=null
                  $pageStatus$delegate: GET_FIELD 'FIELD FIELD_FOR_CAPTURED_VALUE name:$pageStatus$delegate type:androidx.compose.runtime.MutableState<kotlin.Pair<kotlin.Int, kotlin.Int>?> visibility:public/*package*/ [final] declared in com.searcher.zonenews.widget.glance.CompactNewsGlanceWidgetKt.CompactWidgetContent.<no name provided>' type=androidx.compose.runtime.MutableState<kotlin.Pair<kotlin.Int, kotlin.Int>?> origin=null
                    receiver: GET_VAR '<this>: com.searcher.zonenews.widget.glance.CompactNewsGlanceWidgetKt.CompactWidgetContent.<no name provided> declared in com.searcher.zonenews.widget.glance.CompactNewsGlanceWidgetKt.CompactWidgetContent.<no name provided>.create' type=com.searcher.zonenews.widget.glance.CompactNewsGlanceWidgetKt.CompactWidgetContent.<no name provided> origin=null
                  $bitmap$delegate: GET_FIELD 'FIELD FIELD_FOR_CAPTURED_VALUE name:$bitmap$delegate type:androidx.compose.runtime.MutableState<android.graphics.Bitmap?> visibility:public/*package*/ [final] declared in com.searcher.zonenews.widget.glance.CompactNewsGlanceWidgetKt.CompactWidgetContent.<no name provided>' type=androidx.compose.runtime.MutableState<android.graphics.Bitmap?> origin=null
                    receiver: GET_VAR '<this>: com.searcher.zonenews.widget.glance.CompactNewsGlanceWidgetKt.CompactWidgetContent.<no name provided> declared in com.searcher.zonenews.widget.glance.CompactNewsGlanceWidgetKt.CompactWidgetContent.<no name provided>.create' type=com.searcher.zonenews.widget.glance.CompactNewsGlanceWidgetKt.CompactWidgetContent.<no name provided> origin=null
                  $isLoading$delegate: GET_FIELD 'FIELD FIELD_FOR_CAPTURED_VALUE name:$isLoading$delegate type:androidx.compose.runtime.MutableState<kotlin.Boolean> visibility:public/*package*/ [final] declared in com.searcher.zonenews.widget.glance.CompactNewsGlanceWidgetKt.CompactWidgetContent.<no name provided>' type=androidx.compose.runtime.MutableState<kotlin.Boolean> origin=null
                    receiver: GET_VAR '<this>: com.searcher.zonenews.widget.glance.CompactNewsGlanceWidgetKt.CompactWidgetContent.<no name provided> declared in com.searcher.zonenews.widget.glance.CompactNewsGlanceWidgetKt.CompactWidgetContent.<no name provided>.create' type=com.searcher.zonenews.widget.glance.CompactNewsGlanceWidgetKt.CompactWidgetContent.<no name provided> origin=null
                  $isError$delegate: GET_FIELD 'FIELD FIELD_FOR_CAPTURED_VALUE name:$isError$delegate type:androidx.compose.runtime.MutableState<kotlin.Boolean> visibility:public/*package*/ [final] declared in com.searcher.zonenews.widget.glance.CompactNewsGlanceWidgetKt.CompactWidgetContent.<no name provided>' type=androidx.compose.runtime.MutableState<kotlin.Boolean> origin=null
                    receiver: GET_VAR '<this>: com.searcher.zonenews.widget.glance.CompactNewsGlanceWidgetKt.CompactWidgetContent.<no name provided> declared in com.searcher.zonenews.widget.glance.CompactNewsGlanceWidgetKt.CompactWidgetContent.<no name provided>.create' type=com.searcher.zonenews.widget.glance.CompactNewsGlanceWidgetKt.CompactWidgetContent.<no name provided> origin=null
                  $completion: GET_VAR '$completion: kotlin.coroutines.Continuation<kotlin.Nothing> declared in com.searcher.zonenews.widget.glance.CompactNewsGlanceWidgetKt.CompactWidgetContent.<no name provided>.create' type=kotlin.coroutines.Continuation<kotlin.Nothing> origin=null
          FUN name:invoke visibility:public modality:FINAL <> ($this:com.searcher.zonenews.widget.glance.CompactNewsGlanceWidgetKt.CompactWidgetContent.<no name provided>, p1:kotlinx.coroutines.CoroutineScope, p2:kotlin.coroutines.Continuation<kotlin.Unit>?) returnType:kotlin.Any?
            overridden:
              public abstract fun invoke (p1: P1 of kotlin.jvm.functions.Function2, p2: P2 of kotlin.jvm.functions.Function2): R of kotlin.jvm.functions.Function2 declared in kotlin.jvm.functions.Function2
            $this: VALUE_PARAMETER INSTANCE_RECEIVER name:<this> type:com.searcher.zonenews.widget.glance.CompactNewsGlanceWidgetKt.CompactWidgetContent.<no name provided>
            VALUE_PARAMETER name:p1 index:0 type:kotlinx.coroutines.CoroutineScope
            VALUE_PARAMETER name:p2 index:1 type:kotlin.coroutines.Continuation<kotlin.Unit>?
            BLOCK_BODY
              RETURN type=kotlin.Nothing from='public final fun invoke (p1: kotlinx.coroutines.CoroutineScope, p2: kotlin.coroutines.Continuation<kotlin.Unit>?): kotlin.Any? declared in com.searcher.zonenews.widget.glance.CompactNewsGlanceWidgetKt.CompactWidgetContent.<no name provided>'
                CALL 'public final fun invokeSuspend ($result: kotlin.Result<kotlin.Any?>): kotlin.Any? declared in com.searcher.zonenews.widget.glance.CompactNewsGlanceWidgetKt.CompactWidgetContent.<no name provided>' type=kotlin.Any? origin=null
                  $this: TYPE_OP type=com.searcher.zonenews.widget.glance.CompactNewsGlanceWidgetKt.CompactWidgetContent.<no name provided> origin=IMPLICIT_CAST typeOperand=com.searcher.zonenews.widget.glance.CompactNewsGlanceWidgetKt.CompactWidgetContent.<no name provided>
                    CALL 'public final fun create (value: kotlin.Any?, $completion: kotlin.coroutines.Continuation<kotlin.Nothing>): kotlin.coroutines.Continuation<kotlin.Unit> declared in com.searcher.zonenews.widget.glance.CompactNewsGlanceWidgetKt.CompactWidgetContent.<no name provided>' type=kotlin.coroutines.Continuation<kotlin.Unit> origin=null
                      $this: GET_VAR '<this>: com.searcher.zonenews.widget.glance.CompactNewsGlanceWidgetKt.CompactWidgetContent.<no name provided> declared in com.searcher.zonenews.widget.glance.CompactNewsGlanceWidgetKt.CompactWidgetContent.<no name provided>.invoke' type=com.searcher.zonenews.widget.glance.CompactNewsGlanceWidgetKt.CompactWidgetContent.<no name provided> origin=null
                      value: GET_VAR 'p1: kotlinx.coroutines.CoroutineScope declared in com.searcher.zonenews.widget.glance.CompactNewsGlanceWidgetKt.CompactWidgetContent.<no name provided>.invoke' type=kotlinx.coroutines.CoroutineScope origin=null
                      $completion: GET_VAR 'p2: kotlin.coroutines.Continuation<kotlin.Unit>? declared in com.searcher.zonenews.widget.glance.CompactNewsGlanceWidgetKt.CompactWidgetContent.<no name provided>.invoke' type=kotlin.coroutines.Continuation<kotlin.Unit>? origin=null
                  $result: CALL 'public final fun <unsafe-coerce> <T, R> (v: T of kotlin.jvm.internal.<unsafe-coerce>): R of kotlin.jvm.internal.<unsafe-coerce> declared in kotlin.jvm.internal' type=kotlin.Result<kotlin.Any?> origin=null
                    <T>: kotlin.Any?
                    <R>: kotlin.Result<kotlin.Any?>
                    v: GET_FIELD 'FIELD FIELD_FOR_OBJECT_INSTANCE name:INSTANCE type:kotlin.Unit visibility:public [final,static] declared in kotlin.Unit' type=kotlin.Unit origin=null
          FIELD FIELD_FOR_CAPTURED_VALUE name:$appWidgetId type:kotlin.Int visibility:public/*package*/ [final]
          FIELD FIELD_FOR_CAPTURED_VALUE name:$context type:android.content.Context visibility:public/*package*/ [final]
          FIELD FIELD_FOR_CAPTURED_VALUE name:$article$delegate type:androidx.compose.runtime.MutableState<com.searcher.zonenews.entry.HomeDataListEntry.DataDTO.ArticlesDTO?> visibility:public/*package*/ [final]
          FIELD FIELD_FOR_CAPTURED_VALUE name:$pageStatus$delegate type:androidx.compose.runtime.MutableState<kotlin.Pair<kotlin.Int, kotlin.Int>?> visibility:public/*package*/ [final]
          FIELD FIELD_FOR_CAPTURED_VALUE name:$bitmap$delegate type:androidx.compose.runtime.MutableState<android.graphics.Bitmap?> visibility:public/*package*/ [final]
          FIELD FIELD_FOR_CAPTURED_VALUE name:$isLoading$delegate type:androidx.compose.runtime.MutableState<kotlin.Boolean> visibility:public/*package*/ [final]
          FIELD FIELD_FOR_CAPTURED_VALUE name:$isError$delegate type:androidx.compose.runtime.MutableState<kotlin.Boolean> visibility:public/*package*/ [final]
          FUN BRIDGE name:invoke visibility:public modality:OPEN <> ($this:com.searcher.zonenews.widget.glance.CompactNewsGlanceWidgetKt.CompactWidgetContent.<no name provided>, p1:kotlin.Any?, p2:kotlin.Any?) returnType:kotlin.Any?
            $this: VALUE_PARAMETER INSTANCE_RECEIVER name:<this> type:com.searcher.zonenews.widget.glance.CompactNewsGlanceWidgetKt.CompactWidgetContent.<no name provided>
            VALUE_PARAMETER BRIDGE name:p1 index:0 type:kotlin.Any?
            VALUE_PARAMETER BRIDGE name:p2 index:1 type:kotlin.Any?
            EXPRESSION_BODY
              RETURN type=kotlin.Nothing from='public open fun invoke (p1: kotlin.Any?, p2: kotlin.Any?): kotlin.Any? declared in com.searcher.zonenews.widget.glance.CompactNewsGlanceWidgetKt.CompactWidgetContent.<no name provided>'
                CALL 'public final fun invoke (p1: kotlinx.coroutines.CoroutineScope, p2: kotlin.coroutines.Continuation<kotlin.Unit>?): kotlin.Any? declared in com.searcher.zonenews.widget.glance.CompactNewsGlanceWidgetKt.CompactWidgetContent.<no name provided>' type=kotlin.Any? origin=BRIDGE_DELEGATION
                  $this: GET_VAR '<this>: com.searcher.zonenews.widget.glance.CompactNewsGlanceWidgetKt.CompactWidgetContent.<no name provided> declared in com.searcher.zonenews.widget.glance.CompactNewsGlanceWidgetKt.CompactWidgetContent.<no name provided>.invoke' type=com.searcher.zonenews.widget.glance.CompactNewsGlanceWidgetKt.CompactWidgetContent.<no name provided> origin=null
                  p1: TYPE_OP type=kotlinx.coroutines.CoroutineScope origin=IMPLICIT_CAST typeOperand=kotlinx.coroutines.CoroutineScope
                    GET_VAR 'p1: kotlin.Any? declared in com.searcher.zonenews.widget.glance.CompactNewsGlanceWidgetKt.CompactWidgetContent.<no name provided>.invoke' type=kotlin.Any? origin=null
                  p2: TYPE_OP type=kotlin.coroutines.Continuation<*> origin=IMPLICIT_CAST typeOperand=kotlin.coroutines.Continuation<*>
                    GET_VAR 'p2: kotlin.Any? declared in com.searcher.zonenews.widget.glance.CompactNewsGlanceWidgetKt.CompactWidgetContent.<no name provided>.invoke' type=kotlin.Any? origin=null
        CONSTRUCTOR_CALL 'public/*package*/ constructor <init> ($appWidgetId: kotlin.Int, $context: android.content.Context, $article$delegate: androidx.compose.runtime.MutableState<com.searcher.zonenews.entry.HomeDataListEntry.DataDTO.ArticlesDTO?>, $pageStatus$delegate: androidx.compose.runtime.MutableState<kotlin.Pair<kotlin.Int, kotlin.Int>?>, $bitmap$delegate: androidx.compose.runtime.MutableState<android.graphics.Bitmap?>, $isLoading$delegate: androidx.compose.runtime.MutableState<kotlin.Boolean>, $isError$delegate: androidx.compose.runtime.MutableState<kotlin.Boolean>, $completion: kotlin.coroutines.Continuation<com.searcher.zonenews.widget.glance.CompactNewsGlanceWidgetKt.CompactWidgetContent.<no name provided>>?) [primary] declared in com.searcher.zonenews.widget.glance.CompactNewsGlanceWidgetKt.CompactWidgetContent.<no name provided>' type=com.searcher.zonenews.widget.glance.CompactNewsGlanceWidgetKt.CompactWidgetContent.<no name provided> origin=null
          $appWidgetId: GET_VAR 'val appWidgetId: kotlin.Int [val] declared in com.searcher.zonenews.widget.glance.CompactNewsGlanceWidgetKt.CompactWidgetContent' type=kotlin.Int origin=null
          $context: GET_VAR 'context: android.content.Context declared in com.searcher.zonenews.widget.glance.CompactNewsGlanceWidgetKt.CompactWidgetContent' type=android.content.Context origin=null
          $article$delegate: GET_VAR 'val article$delegate: androidx.compose.runtime.MutableState<com.searcher.zonenews.entry.HomeDataListEntry.DataDTO.ArticlesDTO?> [val] declared in com.searcher.zonenews.widget.glance.CompactNewsGlanceWidgetKt.CompactWidgetContent' type=androidx.compose.runtime.MutableState<com.searcher.zonenews.entry.HomeDataListEntry.DataDTO.ArticlesDTO?> origin=null
          $pageStatus$delegate: GET_VAR 'val pageStatus$delegate: androidx.compose.runtime.MutableState<kotlin.Pair<kotlin.Int, kotlin.Int>?> [val] declared in com.searcher.zonenews.widget.glance.CompactNewsGlanceWidgetKt.CompactWidgetContent' type=androidx.compose.runtime.MutableState<kotlin.Pair<kotlin.Int, kotlin.Int>?> origin=null
          $bitmap$delegate: GET_VAR 'val bitmap$delegate: androidx.compose.runtime.MutableState<android.graphics.Bitmap?> [val] declared in com.searcher.zonenews.widget.glance.CompactNewsGlanceWidgetKt.CompactWidgetContent' type=androidx.compose.runtime.MutableState<android.graphics.Bitmap?> origin=null
          $isLoading$delegate: GET_VAR 'val isLoading$delegate: androidx.compose.runtime.MutableState<kotlin.Boolean> [val] declared in com.searcher.zonenews.widget.glance.CompactNewsGlanceWidgetKt.CompactWidgetContent' type=androidx.compose.runtime.MutableState<kotlin.Boolean> origin=null
          $isError$delegate: GET_VAR 'val isError$delegate: androidx.compose.runtime.MutableState<kotlin.Boolean> [val] declared in com.searcher.zonenews.widget.glance.CompactNewsGlanceWidgetKt.CompactWidgetContent' type=androidx.compose.runtime.MutableState<kotlin.Boolean> origin=null
          $completion: CONST Null type=kotlin.Nothing? value=null
    VAR name:appIconResId type:kotlin.Int [val]
      CALL 'public final fun getCurrentIconResourceId (context: android.content.Context): kotlin.Int declared in com.searcher.zonenews.utils.AppIconManager' type=kotlin.Int origin=null
        $this: GET_FIELD 'FIELD FIELD_FOR_OBJECT_INSTANCE name:INSTANCE type:com.searcher.zonenews.utils.AppIconManager visibility:public [final,static] declared in com.searcher.zonenews.utils.AppIconManager' type=com.searcher.zonenews.utils.AppIconManager origin=null
        context: GET_VAR 'context: android.content.Context declared in com.searcher.zonenews.widget.glance.CompactNewsGlanceWidgetKt.CompactWidgetContent' type=android.content.Context origin=null
    WHEN type=kotlin.Unit origin=IF
      BRANCH
        if: CALL 'private final fun CompactWidgetContent$lambda$10 ($isLoading$delegate: androidx.compose.runtime.MutableState<kotlin.Boolean>): kotlin.Boolean declared in com.searcher.zonenews.widget.glance.CompactNewsGlanceWidgetKt' type=kotlin.Boolean origin=GET_LOCAL_PROPERTY
          $isLoading$delegate: GET_VAR 'val isLoading$delegate: androidx.compose.runtime.MutableState<kotlin.Boolean> [val] declared in com.searcher.zonenews.widget.glance.CompactNewsGlanceWidgetKt.CompactWidgetContent' type=androidx.compose.runtime.MutableState<kotlin.Boolean> origin=null
        then: BLOCK type=kotlin.Unit origin=null
          CALL 'public final fun Box (modifier: androidx.glance.GlanceModifier, contentAlignment: androidx.glance.layout.Alignment, content: @[Composable] kotlin.Function0<kotlin.Unit>): kotlin.Unit declared in androidx.glance.layout.BoxKt' type=kotlin.Unit origin=null
            modifier: CALL 'public final fun background-4WTKRHQ (color: androidx.compose.ui.graphics.Color): androidx.glance.GlanceModifier declared in androidx.glance.BackgroundKt' type=androidx.glance.GlanceModifier origin=null
              $receiver: CALL 'public final fun fillMaxSize (): androidx.glance.GlanceModifier declared in androidx.glance.layout.SizeModifiersKt' type=androidx.glance.GlanceModifier origin=null
                $receiver: GET_FIELD 'FIELD FIELD_FOR_OBJECT_INSTANCE name:Companion type:androidx.glance.GlanceModifier.Companion visibility:public [final,static] declared in androidx.glance.GlanceModifier' type=androidx.glance.GlanceModifier.Companion origin=null
              color: CALL 'public final fun Color (color: kotlin.Long): androidx.compose.ui.graphics.Color declared in androidx.compose.ui.graphics.ColorKt' type=androidx.compose.ui.graphics.Color origin=null
                color: CONST Long type=kotlin.Long value=4280032284
            contentAlignment: CALL 'public final fun <get-Center> (): androidx.glance.layout.Alignment declared in androidx.glance.layout.Alignment.Companion' type=androidx.glance.layout.Alignment origin=GET_PROPERTY
              $this: GET_FIELD 'FIELD FIELD_FOR_OBJECT_INSTANCE name:Companion type:androidx.glance.layout.Alignment.Companion visibility:public [final,static] declared in androidx.glance.layout.Alignment' type=androidx.glance.layout.Alignment.Companion origin=null
            content: BLOCK type=kotlin.Function0<kotlin.Unit> origin=LAMBDA
              COMPOSITE type=kotlin.Unit origin=null
              CALL 'public final fun <jvm-indy> <T> (dynamicCall: T of kotlin.jvm.internal.<jvm-indy>, bootstrapMethodHandle: kotlin.Any, vararg bootstrapMethodArguments: kotlin.Any): T of kotlin.jvm.internal.<jvm-indy> declared in kotlin.jvm.internal' type=kotlin.Function0<kotlin.Unit> origin=null
                <T>: kotlin.Function0<kotlin.Unit>
                dynamicCall: CALL 'public final fun invoke (): kotlin.Function0<kotlin.Unit> declared in kotlin.jvm.internal.invokeDynamic' type=kotlin.Function0<kotlin.Unit> origin=null
                bootstrapMethodHandle: CALL 'public final fun <jvm-method-handle> (tag: kotlin.Int, owner: kotlin.String, name: kotlin.String, descriptor: kotlin.String, isInterface: kotlin.Boolean): kotlin.Any declared in kotlin.jvm.internal' type=kotlin.Any origin=null
                  tag: CONST Int type=kotlin.Int value=6
                  owner: CONST String type=kotlin.String value="java/lang/invoke/LambdaMetafactory"
                  name: CONST String type=kotlin.String value="metafactory"
                  descriptor: CONST String type=kotlin.String value="(Ljava/lang/invoke/MethodHandles$Lookup;Ljava/lang/String;Ljava/lang/invoke/MethodType;Ljava/lang/invoke/MethodType;Ljava/lang/invoke/MethodHandle;Ljava/lang/invoke/MethodType;)Ljava/lang/invoke/CallSite;"
                  isInterface: CONST Boolean type=kotlin.Boolean value=false
                bootstrapMethodArguments: VARARG type=kotlin.Array<kotlin.Any> varargElementType=kotlin.Any
                  CALL 'public final fun <jvm-original-method-type> (method: kotlin.Any): kotlin.Any declared in kotlin.jvm.internal' type=kotlin.Any origin=null
                    method: RAW_FUNCTION_REFERENCE 'public abstract fun invoke (): R of kotlin.Function0 [operator] declared in kotlin.Function0' type=kotlin.Any
                  RAW_FUNCTION_REFERENCE 'private final fun CompactWidgetContent$lambda$15 (): kotlin.Unit? declared in com.searcher.zonenews.widget.glance.CompactNewsGlanceWidgetKt' type=kotlin.Any
                  CALL 'public final fun <jvm-original-method-type> (method: kotlin.Any): kotlin.Any declared in kotlin.jvm.internal' type=kotlin.Any origin=null
                    method: RAW_FUNCTION_REFERENCE 'public abstract fun invoke (): kotlin.Unit? [fake_override,operator] declared in kotlin.jvm.internal.invokeDynamic.<fake>' type=kotlin.Any
      BRANCH
        if: CALL 'public final fun OROR (arg0: kotlin.Boolean, arg1: kotlin.Boolean): kotlin.Boolean declared in kotlin.internal.ir' type=kotlin.Boolean origin=null
          arg0: CALL 'private final fun CompactWidgetContent$lambda$13 ($isError$delegate: androidx.compose.runtime.MutableState<kotlin.Boolean>): kotlin.Boolean declared in com.searcher.zonenews.widget.glance.CompactNewsGlanceWidgetKt' type=kotlin.Boolean origin=GET_LOCAL_PROPERTY
            $isError$delegate: GET_VAR 'val isError$delegate: androidx.compose.runtime.MutableState<kotlin.Boolean> [val] declared in com.searcher.zonenews.widget.glance.CompactNewsGlanceWidgetKt.CompactWidgetContent' type=androidx.compose.runtime.MutableState<kotlin.Boolean> origin=null
          arg1: CALL 'public final fun EQEQ (arg0: kotlin.Any?, arg1: kotlin.Any?): kotlin.Boolean declared in kotlin.internal.ir' type=kotlin.Boolean origin=EQEQ
            arg0: CALL 'private final fun CompactWidgetContent$lambda$1 ($article$delegate: androidx.compose.runtime.MutableState<com.searcher.zonenews.entry.HomeDataListEntry.DataDTO.ArticlesDTO?>): com.searcher.zonenews.entry.HomeDataListEntry.DataDTO.ArticlesDTO? declared in com.searcher.zonenews.widget.glance.CompactNewsGlanceWidgetKt' type=com.searcher.zonenews.entry.HomeDataListEntry.DataDTO.ArticlesDTO? origin=GET_LOCAL_PROPERTY
              $article$delegate: GET_VAR 'val article$delegate: androidx.compose.runtime.MutableState<com.searcher.zonenews.entry.HomeDataListEntry.DataDTO.ArticlesDTO?> [val] declared in com.searcher.zonenews.widget.glance.CompactNewsGlanceWidgetKt.CompactWidgetContent' type=androidx.compose.runtime.MutableState<com.searcher.zonenews.entry.HomeDataListEntry.DataDTO.ArticlesDTO?> origin=null
            arg1: CONST Null type=kotlin.Nothing? value=null
        then: BLOCK type=kotlin.Unit origin=null
          CALL 'public final fun Box (modifier: androidx.glance.GlanceModifier, contentAlignment: androidx.glance.layout.Alignment, content: @[Composable] kotlin.Function0<kotlin.Unit>): kotlin.Unit declared in androidx.glance.layout.BoxKt' type=kotlin.Unit origin=null
            modifier: CALL 'public final fun clickable (onClick: androidx.glance.action.Action): androidx.glance.GlanceModifier declared in androidx.glance.action.ActionKt' type=androidx.glance.GlanceModifier origin=null
              $receiver: CALL 'public final fun background-4WTKRHQ (color: androidx.compose.ui.graphics.Color): androidx.glance.GlanceModifier declared in androidx.glance.BackgroundKt' type=androidx.glance.GlanceModifier origin=null
                $receiver: CALL 'public final fun fillMaxSize (): androidx.glance.GlanceModifier declared in androidx.glance.layout.SizeModifiersKt' type=androidx.glance.GlanceModifier origin=null
                  $receiver: GET_FIELD 'FIELD FIELD_FOR_OBJECT_INSTANCE name:Companion type:androidx.glance.GlanceModifier.Companion visibility:public [final,static] declared in androidx.glance.GlanceModifier' type=androidx.glance.GlanceModifier.Companion origin=null
                color: CALL 'public final fun Color (color: kotlin.Long): androidx.compose.ui.graphics.Color declared in androidx.compose.ui.graphics.ColorKt' type=androidx.compose.ui.graphics.Color origin=null
                  color: CONST Long type=kotlin.Long value=4280032284
              onClick: CALL 'public final fun actionRunCallback$default <T> (parameters: androidx.glance.action.ActionParameters?, $mask0: kotlin.Int, $handler: kotlin.Any?): androidx.glance.action.Action [inline] declared in androidx.glance.appwidget.action.RunCallbackActionKt' type=androidx.glance.action.Action origin=DEFAULT_DISPATCH_CALL
                <T>: com.searcher.zonenews.widget.glance.RefreshCallback
                parameters: COMPOSITE type=androidx.glance.action.ActionParameters? origin=DEFAULT_VALUE
                  CONST Null type=androidx.glance.action.ActionParameters? value=null
                $mask0: CONST Int type=kotlin.Int value=1
                $handler: CONST Null type=kotlin.Any? value=null
            contentAlignment: CALL 'public final fun <get-Center> (): androidx.glance.layout.Alignment declared in androidx.glance.layout.Alignment.Companion' type=androidx.glance.layout.Alignment origin=GET_PROPERTY
              $this: GET_FIELD 'FIELD FIELD_FOR_OBJECT_INSTANCE name:Companion type:androidx.glance.layout.Alignment.Companion visibility:public [final,static] declared in androidx.glance.layout.Alignment' type=androidx.glance.layout.Alignment.Companion origin=null
            content: BLOCK type=kotlin.Function0<kotlin.Unit> origin=LAMBDA
              COMPOSITE type=kotlin.Unit origin=null
              CALL 'public final fun <jvm-indy> <T> (dynamicCall: T of kotlin.jvm.internal.<jvm-indy>, bootstrapMethodHandle: kotlin.Any, vararg bootstrapMethodArguments: kotlin.Any): T of kotlin.jvm.internal.<jvm-indy> declared in kotlin.jvm.internal' type=kotlin.Function0<kotlin.Unit> origin=null
                <T>: kotlin.Function0<kotlin.Unit>
                dynamicCall: CALL 'public final fun invoke (): kotlin.Function0<kotlin.Unit> declared in kotlin.jvm.internal.invokeDynamic' type=kotlin.Function0<kotlin.Unit> origin=null
                bootstrapMethodHandle: CALL 'public final fun <jvm-method-handle> (tag: kotlin.Int, owner: kotlin.String, name: kotlin.String, descriptor: kotlin.String, isInterface: kotlin.Boolean): kotlin.Any declared in kotlin.jvm.internal' type=kotlin.Any origin=null
                  tag: CONST Int type=kotlin.Int value=6
                  owner: CONST String type=kotlin.String value="java/lang/invoke/LambdaMetafactory"
                  name: CONST String type=kotlin.String value="metafactory"
                  descriptor: CONST String type=kotlin.String value="(Ljava/lang/invoke/MethodHandles$Lookup;Ljava/lang/String;Ljava/lang/invoke/MethodType;Ljava/lang/invoke/MethodType;Ljava/lang/invoke/MethodHandle;Ljava/lang/invoke/MethodType;)Ljava/lang/invoke/CallSite;"
                  isInterface: CONST Boolean type=kotlin.Boolean value=false
                bootstrapMethodArguments: VARARG type=kotlin.Array<kotlin.Any> varargElementType=kotlin.Any
                  CALL 'public final fun <jvm-original-method-type> (method: kotlin.Any): kotlin.Any declared in kotlin.jvm.internal' type=kotlin.Any origin=null
                    method: RAW_FUNCTION_REFERENCE 'public abstract fun invoke (): R of kotlin.Function0 [operator] declared in kotlin.Function0' type=kotlin.Any
                  RAW_FUNCTION_REFERENCE 'private final fun CompactWidgetContent$lambda$17 (): kotlin.Unit? declared in com.searcher.zonenews.widget.glance.CompactNewsGlanceWidgetKt' type=kotlin.Any
                  CALL 'public final fun <jvm-original-method-type> (method: kotlin.Any): kotlin.Any declared in kotlin.jvm.internal' type=kotlin.Any origin=null
                    method: RAW_FUNCTION_REFERENCE 'public abstract fun invoke (): kotlin.Unit? [fake_override,operator] declared in kotlin.jvm.internal.invokeDynamic.<fake>' type=kotlin.Any
      BRANCH
        if: CONST Boolean type=kotlin.Boolean value=true
        then: BLOCK type=kotlin.Unit origin=null
          CALL 'public final fun CompactWidgetUI (context: android.content.Context, article: com.searcher.zonenews.entry.HomeDataListEntry.DataDTO.ArticlesDTO, pageStatus: kotlin.Pair<kotlin.Int, kotlin.Int>?, bitmap: android.graphics.Bitmap?, appIconResId: kotlin.Int): kotlin.Unit declared in com.searcher.zonenews.widget.glance.CompactNewsGlanceWidgetKt' type=kotlin.Unit origin=null
            context: GET_VAR 'context: android.content.Context declared in com.searcher.zonenews.widget.glance.CompactNewsGlanceWidgetKt.CompactWidgetContent' type=android.content.Context origin=null
            article: CALL 'public final fun CHECK_NOT_NULL <T0> (arg0: T0 of kotlin.internal.ir.CHECK_NOT_NULL?): {T0 of kotlin.internal.ir.CHECK_NOT_NULL & Any} declared in kotlin.internal.ir' type=com.searcher.zonenews.entry.HomeDataListEntry.DataDTO.ArticlesDTO origin=EXCLEXCL
              <T0>: com.searcher.zonenews.entry.HomeDataListEntry.DataDTO.ArticlesDTO
              arg0: CALL 'private final fun CompactWidgetContent$lambda$1 ($article$delegate: androidx.compose.runtime.MutableState<com.searcher.zonenews.entry.HomeDataListEntry.DataDTO.ArticlesDTO?>): com.searcher.zonenews.entry.HomeDataListEntry.DataDTO.ArticlesDTO? declared in com.searcher.zonenews.widget.glance.CompactNewsGlanceWidgetKt' type=com.searcher.zonenews.entry.HomeDataListEntry.DataDTO.ArticlesDTO? origin=GET_LOCAL_PROPERTY
                $article$delegate: GET_VAR 'val article$delegate: androidx.compose.runtime.MutableState<com.searcher.zonenews.entry.HomeDataListEntry.DataDTO.ArticlesDTO?> [val] declared in com.searcher.zonenews.widget.glance.CompactNewsGlanceWidgetKt.CompactWidgetContent' type=androidx.compose.runtime.MutableState<com.searcher.zonenews.entry.HomeDataListEntry.DataDTO.ArticlesDTO?> origin=null
            pageStatus: CALL 'private final fun CompactWidgetContent$lambda$4 ($pageStatus$delegate: androidx.compose.runtime.MutableState<kotlin.Pair<kotlin.Int, kotlin.Int>?>): kotlin.Pair<kotlin.Int, kotlin.Int>? declared in com.searcher.zonenews.widget.glance.CompactNewsGlanceWidgetKt' type=kotlin.Pair<kotlin.Int, kotlin.Int>? origin=GET_LOCAL_PROPERTY
              $pageStatus$delegate: GET_VAR 'val pageStatus$delegate: androidx.compose.runtime.MutableState<kotlin.Pair<kotlin.Int, kotlin.Int>?> [val] declared in com.searcher.zonenews.widget.glance.CompactNewsGlanceWidgetKt.CompactWidgetContent' type=androidx.compose.runtime.MutableState<kotlin.Pair<kotlin.Int, kotlin.Int>?> origin=null
            bitmap: CALL 'private final fun CompactWidgetContent$lambda$7 ($bitmap$delegate: androidx.compose.runtime.MutableState<android.graphics.Bitmap?>): android.graphics.Bitmap? declared in com.searcher.zonenews.widget.glance.CompactNewsGlanceWidgetKt' type=android.graphics.Bitmap? origin=GET_LOCAL_PROPERTY
              $bitmap$delegate: GET_VAR 'val bitmap$delegate: androidx.compose.runtime.MutableState<android.graphics.Bitmap?> [val] declared in com.searcher.zonenews.widget.glance.CompactNewsGlanceWidgetKt.CompactWidgetContent' type=androidx.compose.runtime.MutableState<android.graphics.Bitmap?> origin=null
            appIconResId: GET_VAR 'val appIconResId: kotlin.Int [val] declared in com.searcher.zonenews.widget.glance.CompactNewsGlanceWidgetKt.CompactWidgetContent' type=kotlin.Int origin=null

	at org.jetbrains.kotlin.backend.jvm.codegen.FunctionCodegen.generate(FunctionCodegen.kt:47)
	at org.jetbrains.kotlin.backend.jvm.codegen.FunctionCodegen.generate$default(FunctionCodegen.kt:40)
	at org.jetbrains.kotlin.backend.jvm.codegen.ClassCodegen.generateMethodNode(ClassCodegen.kt:406)
	at org.jetbrains.kotlin.backend.jvm.codegen.ClassCodegen.generateMethod(ClassCodegen.kt:423)
	at org.jetbrains.kotlin.backend.jvm.codegen.ClassCodegen.generate(ClassCodegen.kt:168)
	at org.jetbrains.kotlin.backend.jvm.FileCodegen.lower(JvmPhases.kt:39)
	at org.jetbrains.kotlin.backend.common.phaser.PhaseFactoriesKt.createFilePhase$lambda$4(PhaseFactories.kt:71)
	at org.jetbrains.kotlin.backend.common.phaser.PhaseBuildersKt$createSimpleNamedCompilerPhase$1.phaseBody(PhaseBuilders.kt:69)
	at org.jetbrains.kotlin.backend.common.phaser.SimpleNamedCompilerPhase.phaseBody(CompilerPhase.kt:226)
	at org.jetbrains.kotlin.backend.common.phaser.AbstractNamedCompilerPhase.invoke(CompilerPhase.kt:113)
	at org.jetbrains.kotlin.backend.common.phaser.PerformByIrFilePhase.invokeSequential(performByIrFile.kt:62)
	... 43 more
Caused by: org.jetbrains.kotlin.codegen.CompilationException: Back-end (JVM) Internal error: Couldn't inline method call: CALL 'public final fun <get-current> (): T of androidx.compose.runtime.CompositionLocal [inline] declared in androidx.compose.runtime.CompositionLocal' type=androidx.glance.GlanceId origin=GET_PROPERTY
Method: null
File is unknown
The root cause java.lang.IllegalStateException was thrown at: org.jetbrains.kotlin.codegen.inline.SourceCompilerForInlineKt.getMethodNode(SourceCompilerForInline.kt:118)
	at org.jetbrains.kotlin.codegen.inline.InlineCodegen.performInline(InlineCodegen.kt:65)
	at org.jetbrains.kotlin.backend.jvm.codegen.IrInlineCodegen.genInlineCall(IrInlineCodegen.kt:163)
	at org.jetbrains.kotlin.backend.jvm.codegen.IrInlineCallGenerator.genCall(IrInlineCallGenerator.kt:36)
	at org.jetbrains.kotlin.backend.jvm.codegen.ExpressionCodegen.visitCall(ExpressionCodegen.kt:653)
	at org.jetbrains.kotlin.backend.jvm.codegen.ExpressionCodegen.visitCall(ExpressionCodegen.kt:138)
	at org.jetbrains.kotlin.ir.expressions.IrCall.accept(IrCall.kt:24)
	at org.jetbrains.kotlin.backend.jvm.codegen.ExpressionCodegen.visitVariable(ExpressionCodegen.kt:790)
	at org.jetbrains.kotlin.backend.jvm.codegen.ExpressionCodegen.visitVariable(ExpressionCodegen.kt:138)
	at org.jetbrains.kotlin.ir.declarations.IrVariable.accept(IrVariable.kt:36)
	at org.jetbrains.kotlin.backend.jvm.codegen.ExpressionCodegen.visitStatementContainer(ExpressionCodegen.kt:579)
	at org.jetbrains.kotlin.backend.jvm.codegen.ExpressionCodegen.visitBlockBody(ExpressionCodegen.kt:584)
	at org.jetbrains.kotlin.backend.jvm.codegen.ExpressionCodegen.visitBlockBody(ExpressionCodegen.kt:138)
	at org.jetbrains.kotlin.ir.expressions.IrBlockBody.accept(IrBlockBody.kt:20)
	at org.jetbrains.kotlin.backend.jvm.codegen.ExpressionCodegen.generate(ExpressionCodegen.kt:240)
	at org.jetbrains.kotlin.backend.jvm.codegen.FunctionCodegen.doGenerate(FunctionCodegen.kt:123)
	at org.jetbrains.kotlin.backend.jvm.codegen.FunctionCodegen.generate(FunctionCodegen.kt:44)
	... 53 more
Caused by: java.lang.IllegalStateException: couldn't find inline method Landroidx/compose/runtime/CompositionLocal;.getCurrent()Ljava/lang/Object;
	at org.jetbrains.kotlin.codegen.inline.SourceCompilerForInlineKt.getMethodNode(SourceCompilerForInline.kt:118)
	at org.jetbrains.kotlin.codegen.inline.SourceCompilerForInlineKt.loadCompiledInlineFunction(SourceCompilerForInline.kt:96)
	at org.jetbrains.kotlin.backend.jvm.codegen.IrSourceCompilerForInline.compileInlineFunction(IrSourceCompilerForInline.kt:91)
	at org.jetbrains.kotlin.codegen.inline.InlineCodegen.compileInline(InlineCodegen.kt:43)
	at org.jetbrains.kotlin.codegen.inline.InlineCodegen.performInline(InlineCodegen.kt:51)
	... 68 more


